,org_name,org_type,department,징계처분일,징계종류,징계사유,고발여부
0,(사)남북교류협력지원협회,기타공공기관,통일부,2017년 02월 24일,정직,성실의무 및 법규준수 위반,미고발
1,(사)남북교류협력지원협회,기타공공기관,통일부,2019년 05월 22일,감봉,성실의무 및 법규준수 위반,미고발
2,(사)남북교류협력지원협회,기타공공기관,통일부,2019년 05월 22일,감봉,성실의무 및 법규준수 위반,미고발
0,(재)국제원산지정보원,기타공공기관,관세청,2020년 06월 10일,감봉,복무의무 위반 등,미고발
0,(재)우체국금융개발원,준정부기관(위탁집행형),과학기술정보통신부,2018년 01월 09일,견책,폭언 및 가혹행위,미고발
1,(재)우체국금융개발원,준정부기관(위탁집행형),과학기술정보통신부,2018년 03월 15일,해임,"성실의무, 친절공정의무, 품위유지의무 위반",미고발
2,(재)우체국금융개발원,준정부기관(위탁집행형),과학기술정보통신부,2019년 02월 15일,감봉,음주운전,미고발
3,(재)우체국금융개발원,준정부기관(위탁집행형),과학기술정보통신부,2019년 02월 15일,정직,허위문서 작성 및 행사,미고발
0,(재)우체국물류지원단,준정부기관(위탁집행형),과학기술정보통신부,2020년 06월 30일,-,-,-
0,(재)우체국시설관리단,기타공공기관,과학기술정보통신부,2020년 04월 20일,정직,취업규칙 위반,미고발
1,(재)우체국시설관리단,기타공공기관,과학기술정보통신부,2020년 04월 20일,감봉,취업규칙 위반,미고발
2,(재)우체국시설관리단,기타공공기관,과학기술정보통신부,2020년 04월 20일,감봉,취업규칙 위반,미고발
3,(재)우체국시설관리단,기타공공기관,과학기술정보통신부,2020년 05월 06일,정직,취업규칙 위반,미고발
4,(재)우체국시설관리단,기타공공기관,과학기술정보통신부,2020년 05월 06일,해고,취업규칙 위반,미고발
5,(재)우체국시설관리단,기타공공기관,과학기술정보통신부,2020년 05월 08일,견책,업무규정 의무 위반,미고발
6,(재)우체국시설관리단,기타공공기관,과학기술정보통신부,2020년 05월 08일,견책,업무규정 의무 위반,미고발
7,(재)우체국시설관리단,기타공공기관,과학기술정보통신부,2020년 06월 26일,견책,업무규정 의무 위반,미고발
8,(재)우체국시설관리단,기타공공기관,과학기술정보통신부,2020년 06월 26일,견책,업무규정 의무 위반,미고발
0,(재)일제강제동원피해자지원재단,기타공공기관,행정안전부,2017년 03월 22일,견책,겸직금지 위반,미고발
1,(재)일제강제동원피해자지원재단,기타공공기관,행정안전부,2018년 02월 13일,불문경고,채용업무 추진 부적정,미고발
2,(재)일제강제동원피해자지원재단,기타공공기관,행정안전부,2019년 12월 03일,견책,계약업무 추진 부적정 등,미고발
3,(재)일제강제동원피해자지원재단,기타공공기관,행정안전부,2020년 01월 21일,견책,노동관계법 위반사항,미고발
0,(재)중소기업연구원,기타공공기관,중소벤처기업부,2017년 03월 06일,견 책,규정 위반,미고발
1,(재)중소기업연구원,기타공공기관,중소벤처기업부,2017년 09월 07일,견 책,외부강의 등 대가 신고 및 관리 부적정 관련,미고발
2,(재)중소기업연구원,기타공공기관,중소벤처기업부,2018년 03월 19일,견 책,직원 채용 관련,미고발
3,(재)중소기업연구원,기타공공기관,중소벤처기업부,2018년 07월 30일,견 책,제규정 위반,미고발
4,(재)중소기업연구원,기타공공기관,중소벤처기업부,2019년 03월 29일,견 책,제규정 미준수,미고발
0,(재)축산환경관리원,기타공공기관,농림축산식품부,2018년 06월 01일,직위해제,재규정 준수 및 성실의무 위반,부
1,(재)축산환경관리원,기타공공기관,농림축산식품부,2018년 07월 03일,정직,재규정 준수 및 성실의무 위반,부
0,(재)한국스마트그리드사업단,기타공공기관,산업통상자원부,2018년 01월 11일,감봉,상습 지각(복무규정 위반),미고발
0,(재)한국우편사업진흥원,준정부기관(위탁집행형),과학기술정보통신부,2016년 12월 15일,해임,직무관련자와 부담 금전거래 및 금품수수 등,미고발
1,(재)한국우편사업진흥원,준정부기관(위탁집행형),과학기술정보통신부,2016년 12월 15일,감봉,직무관련 금품수수 등,미고발
2,(재)한국우편사업진흥원,준정부기관(위탁집행형),과학기술정보통신부,2019년 12월 16일,정직,계약 체결 부적정 및 성실의무 위반 등,미고발
0,(재)한식진흥원,기타공공기관,농림축산식품부,2018년 02월 05일,감봉,인사채용업무 관련,미고발
1,(재)한식진흥원,기타공공기관,농림축산식품부,2018년 02월 05일,정직,인사채용업무 관련,미고발
2,(재)한식진흥원,기타공공기관,농림축산식품부,2018년 11월 08일,견책,관련 법령 위반,미고발
3,(재)한식진흥원,기타공공기관,농림축산식품부,2018년 11월 14일,징계해직,성실의 의무 및 관련 법령 위반,미고발
4,(재)한식진흥원,기타공공기관,농림축산식품부,2018년 11월 14일,정직,성실의 의무위반,미고발
0,(주)강원랜드,공기업(시장형),산업통상자원부,2020년 04월 03일,감봉,임직원 윤리행동강령 위반,미고발
1,(주)강원랜드,공기업(시장형),산업통상자원부,2020년 04월 03일,정직,임직원 윤리행동강령 위반,미고발
2,(주)강원랜드,공기업(시장형),산업통상자원부,2020년 05월 12일,견책,관리감독 소홀,미고발
3,(주)강원랜드,공기업(시장형),산업통상자원부,2020년 05월 12일,근신,관리감독 소홀,미고발
4,(주)강원랜드,공기업(시장형),산업통상자원부,2020년 05월 12일,견책,직무태만,미고발
5,(주)강원랜드,공기업(시장형),산업통상자원부,2020년 05월 12일,견책,직무태만,미고발
6,(주)강원랜드,공기업(시장형),산업통상자원부,2020년 05월 12일,근신,직무태만,미고발
7,(주)강원랜드,공기업(시장형),산업통상자원부,2020년 05월 12일,근신,직무태만,미고발
8,(주)강원랜드,공기업(시장형),산업통상자원부,2020년 05월 12일,견책,관리감독 소홀,미고발
9,(주)강원랜드,공기업(시장형),산업통상자원부,2020년 05월 12일,근신,"업무절차, 제규정 미준수",미고발
10,(주)강원랜드,공기업(시장형),산업통상자원부,2020년 05월 12일,견책,"업무절차, 제규정 미준수",미고발
11,(주)강원랜드,공기업(시장형),산업통상자원부,2020년 05월 12일,감봉,개인이익 도모,미고발
12,(주)강원랜드,공기업(시장형),산업통상자원부,2020년 06월 08일,감봉,임직원 윤리행동강령 위반,미고발
0,(주)공영홈쇼핑,기타공공기관,중소벤처기업부,2017년 03월 13일,견책,사내기강문란행위,미고발
1,(주)공영홈쇼핑,기타공공기관,중소벤처기업부,2018년 03월 22일,견책,업무추진비 집행 부적절,미고발
2,(주)공영홈쇼핑,기타공공기관,중소벤처기업부,2018년 03월 22일,견책,업무추진비 집행 부적절,미고발
3,(주)공영홈쇼핑,기타공공기관,중소벤처기업부,2018년 05월 24일,견책,부적절한 업무개입 및 업무지시,미고발
4,(주)공영홈쇼핑,기타공공기관,중소벤처기업부,2018년 05월 24일,견책,백수오궁 방송판매 추진과정시 부적절한 행위에 대한 징계,미고발
5,(주)공영홈쇼핑,기타공공기관,중소벤처기업부,2018년 11월 02일,견책,윤리강령 위반에 따른 징계(성희롱),미고발
6,(주)공영홈쇼핑,기타공공기관,중소벤처기업부,2018년 11월 16일,견책,회사 내 기강문란 및 윤리강령 위반에 따른 징계,미고발
7,(주)공영홈쇼핑,기타공공기관,중소벤처기업부,2018년 12월 20일,감봉,부당지분 투자관련 임직원 주식거래 행위,미고발
8,(주)공영홈쇼핑,기타공공기관,중소벤처기업부,2018년 12월 20일,감봉,부당지분 투자관련 임직원 주식거래 행위,미고발
9,(주)공영홈쇼핑,기타공공기관,중소벤처기업부,2018년 12월 20일,감봉,부당지분 투자관련 임직원 주식거래 행위,미고발
10,(주)공영홈쇼핑,기타공공기관,중소벤처기업부,2018년 12월 20일,감봉,부당지분 투자관련 임직원 주식거래 행위,미고발
11,(주)공영홈쇼핑,기타공공기관,중소벤처기업부,2018년 12월 20일,감봉,부당지분 투자관련 임직원 주식거래 행위,미고발
12,(주)공영홈쇼핑,기타공공기관,중소벤처기업부,2018년 12월 20일,감봉,부당지분 투자관련 임직원 주식거래 행위,미고발
13,(주)공영홈쇼핑,기타공공기관,중소벤처기업부,2018년 12월 20일,감봉,부당지분 투자관련 임직원 주식거래 행위,미고발
14,(주)공영홈쇼핑,기타공공기관,중소벤처기업부,2018년 12월 20일,감봉,부당지분 투자관련 임직원 주식거래 행위,미고발
15,(주)공영홈쇼핑,기타공공기관,중소벤처기업부,2018년 12월 20일,감봉,부당지분 투자관련 임직원 주식거래 행위,미고발
16,(주)공영홈쇼핑,기타공공기관,중소벤처기업부,2018년 12월 20일,감봉,부당지분 투자관련 임직원 주식거래 행위,미고발
17,(주)공영홈쇼핑,기타공공기관,중소벤처기업부,2018년 12월 20일,감봉,부당지분 투자관련 임직원 주식거래 행위,미고발
18,(주)공영홈쇼핑,기타공공기관,중소벤처기업부,2018년 12월 20일,감봉,부당지분 투자관련 임직원 주식거래 행위,미고발
19,(주)공영홈쇼핑,기타공공기관,중소벤처기업부,2018년 12월 20일,감봉,부당지분 투자관련 임직원 주식거래 행위,미고발
20,(주)공영홈쇼핑,기타공공기관,중소벤처기업부,2018년 12월 20일,정직,부당지분 투자관련 임직원 주식거래 행위,미고발
21,(주)공영홈쇼핑,기타공공기관,중소벤처기업부,2018년 12월 20일,정직,부당지분 투자관련 임직원 주식거래 행위,미고발
22,(주)공영홈쇼핑,기타공공기관,중소벤처기업부,2018년 12월 20일,정직,부당지분 투자관련 임직원 주식거래 행위,미고발
23,(주)공영홈쇼핑,기타공공기관,중소벤처기업부,2018년 12월 20일,정직,부당지분 투자관련 임직원 주식거래 행위,미고발
24,(주)공영홈쇼핑,기타공공기관,중소벤처기업부,2018년 12월 20일,정직,부당지분 투자관련 임직원 주식거래 행위,미고발
25,(주)공영홈쇼핑,기타공공기관,중소벤처기업부,2018년 12월 20일,정직,부당지분 투자관련 임직원 주식거래 행위,미고발
26,(주)공영홈쇼핑,기타공공기관,중소벤처기업부,2018년 12월 20일,정직,부당지분 투자관련 임직원 주식거래 행위,미고발
27,(주)공영홈쇼핑,기타공공기관,중소벤처기업부,2018년 12월 20일,정직,부당지분 투자관련 임직원 주식거래 행위,미고발
28,(주)공영홈쇼핑,기타공공기관,중소벤처기업부,2018년 12월 20일,정직,부당지분 투자관련 임직원 주식거래 행위,미고발
29,(주)공영홈쇼핑,기타공공기관,중소벤처기업부,2018년 12월 20일,정직,부당지분 투자관련 임직원 주식거래 행위,미고발
30,(주)공영홈쇼핑,기타공공기관,중소벤처기업부,2018년 12월 20일,정직,부당지분 투자관련 임직원 주식거래 행위,미고발
31,(주)공영홈쇼핑,기타공공기관,중소벤처기업부,2018년 12월 20일,면직,부당지분 투자관련 임직원 주식거래 행위,미고발
32,(주)공영홈쇼핑,기타공공기관,중소벤처기업부,2018년 12월 20일,면직,부당지분 투자관련 임직원 주식거래 행위,미고발
33,(주)공영홈쇼핑,기타공공기관,중소벤처기업부,2018년 12월 20일,면직,부당지분 투자관련 임직원 주식거래 행위,미고발
34,(주)공영홈쇼핑,기타공공기관,중소벤처기업부,2018년 12월 20일,면직,부당지분 투자관련 임직원 주식거래 행위,미고발
35,(주)공영홈쇼핑,기타공공기관,중소벤처기업부,2018년 12월 20일,면직,부당지분 투자관련 임직원 주식거래 행위,미고발
36,(주)공영홈쇼핑,기타공공기관,중소벤처기업부,2018년 12월 27일,감봉,부당지분 투자관련 임직원 주식거래 행위,미고발
37,(주)공영홈쇼핑,기타공공기관,중소벤처기업부,2018년 12월 27일,정직,부당지분 투자관련 임직원 주식거래 행위,미고발
38,(주)공영홈쇼핑,기타공공기관,중소벤처기업부,2018년 12월 27일,정직,부당지분 투자관련 임직원 주식거래 행위,미고발
39,(주)공영홈쇼핑,기타공공기관,중소벤처기업부,2018년 12월 27일,면직,부당지분 투자관련 임직원 주식거래 행위,미고발
40,(주)공영홈쇼핑,기타공공기관,중소벤처기업부,2019년 01월 08일,정직,윤리강령 위반에 따른 징계,미고발
41,(주)공영홈쇼핑,기타공공기관,중소벤처기업부,2019년 01월 08일,정직,윤리강령 위반에 따른 징계,미고발
42,(주)공영홈쇼핑,기타공공기관,중소벤처기업부,2019년 09월 11일,감봉,부당지분 투자관련 사규위반,미고발
43,(주)공영홈쇼핑,기타공공기관,중소벤처기업부,2019년 12월 05일,견책,복무요령 위반,미고발
44,(주)공영홈쇼핑,기타공공기관,중소벤처기업부,2019년 12월 05일,정직,행동강령 위반,미고발
0,(주)워터웨이플러스,기타공공기관,환경부,2017년 12월 20일,감봉,회사보전의무 위반,미고발
1,(주)워터웨이플러스,기타공공기관,환경부,2018년 02월 02일,감봉,제규정 위반,미고발
2,(주)워터웨이플러스,기타공공기관,환경부,2018년 12월 27일,면직,제규정 위반(무단결근),미고발
3,(주)워터웨이플러스,기타공공기관,환경부,2019년 05월 14일,감봉,제규정 위반,미고발
4,(주)워터웨이플러스,기타공공기관,환경부,2019년 07월 01일,정직,제규정 위반,미고발
5,(주)워터웨이플러스,기타공공기관,환경부,2019년 10월 02일,감봉,제규정 위반,미고발
6,(주)워터웨이플러스,기타공공기관,환경부,2019년 12월 26일,정직,제규정 위반,미고발
0,(주)한국가스기술공사,공기업(준시장형),산업통상자원부,2020년 06월 05일,강등,복무규정 위반,미고발
1,(주)한국가스기술공사,공기업(준시장형),산업통상자원부,2020년 06월 05일,강등,복무규정 위반,미고발
2,(주)한국가스기술공사,공기업(준시장형),산업통상자원부,2020년 06월 05일,감봉3월,일반사택 부정입주 및 부당이득 취득,미고발
3,(주)한국가스기술공사,공기업(준시장형),산업통상자원부,2020년 06월 05일,견책,관로검사 역무 수행 부적정,미고발
4,(주)한국가스기술공사,공기업(준시장형),산업통상자원부,2020년 06월 05일,정직1월,교통법규 위반,미고발
5,(주)한국가스기술공사,공기업(준시장형),산업통상자원부,2020년 06월 11일,감봉3월,교통법규 위반,미고발
0,(주)한국건설관리공사,기타공공기관,국토교통부,2017년 06월 08일,견책,건설사업관리 업무수행 소홀,미고발
1,(주)한국건설관리공사,기타공공기관,국토교통부,2017년 06월 08일,견책,건설사업관리 업무수행 소홀,미고발
2,(주)한국건설관리공사,기타공공기관,국토교통부,2017년 11월 09일,파면,직장내 성희롱 및 강제추행건,미고발
3,(주)한국건설관리공사,기타공공기관,국토교통부,2018년 01월 15일,정직,직무관련자 향응수수 ,미고발
4,(주)한국건설관리공사,기타공공기관,국토교통부,2018년 02월 22일,정직,허위출장 조성 외 2건,미고발
5,(주)한국건설관리공사,기타공공기관,국토교통부,2018년 02월 22일,정직,허위출장 개인비용조성 등,미고발
6,(주)한국건설관리공사,기타공공기관,국토교통부,2018년 02월 22일,정직,허위출장조성 및 골프향응수수,미고발
7,(주)한국건설관리공사,기타공공기관,국토교통부,2018년 02월 22일,정직,허위출장 외 3건,미고발
8,(주)한국건설관리공사,기타공공기관,국토교통부,2018년 02월 22일,감봉,허위출장 및 직무관련자알선소개,미고발
9,(주)한국건설관리공사,기타공공기관,국토교통부,2018년 02월 22일,견책,서류전형합격자결정부적정,미고발
10,(주)한국건설관리공사,기타공공기관,국토교통부,2018년 02월 22일,견책,허위출장 비용조성,미고발
11,(주)한국건설관리공사,기타공공기관,국토교통부,2018년 02월 22일,견책,허위출장 비용조성,미고발
12,(주)한국건설관리공사,기타공공기관,국토교통부,2018년 02월 22일,견책,허위출장 비용조성,미고발
13,(주)한국건설관리공사,기타공공기관,국토교통부,2018년 02월 22일,견책,허위출장 비용조성,미고발
14,(주)한국건설관리공사,기타공공기관,국토교통부,2018년 02월 22일,견책,감리원채용부적정외1건,미고발
15,(주)한국건설관리공사,기타공공기관,국토교통부,2018년 02월 22일,견책,허위출장 개인비용조성부당사용,미고발
16,(주)한국건설관리공사,기타공공기관,국토교통부,2018년 02월 26일,정직,허위출장 개인비용조성,미고발
17,(주)한국건설관리공사,기타공공기관,국토교통부,2018년 07월 05일,감봉,인사위원회 업무수행 부적정,미고발
18,(주)한국건설관리공사,기타공공기관,국토교통부,2018년 07월 05일,견책,인사위원회 운영 부적정,미고발
19,(주)한국건설관리공사,기타공공기관,국토교통부,2018년 08월 23일,감봉,추가근무수행및대가수령부적정,미고발
20,(주)한국건설관리공사,기타공공기관,국토교통부,2018년 08월 23일,견책,추가근무수행및대가수령부적정,미고발
21,(주)한국건설관리공사,기타공공기관,국토교통부,2018년 08월 23일,견책,추가근무수행및대가수령부적정,미고발
22,(주)한국건설관리공사,기타공공기관,국토교통부,2018년 10월 04일,감봉,건설사업관리 업무수행 부적정,미고발
23,(주)한국건설관리공사,기타공공기관,국토교통부,2019년 02월 01일,해임,금품 등의 수수금지 위반,미고발
24,(주)한국건설관리공사,기타공공기관,국토교통부,2019년 04월 19일,감봉,전문직직원채용 합격자 결정 부적정,미고발
25,(주)한국건설관리공사,기타공공기관,국토교통부,2019년 05월 30일,견책,인사규정 및 취업규정(성실의의무)미준수,미고발
26,(주)한국건설관리공사,기타공공기관,국토교통부,2019년 05월 30일,해임,전문직 직원의 일반직 전환 업무 부적정 관련,미고발
27,(주)한국건설관리공사,기타공공기관,국토교통부,2019년 06월 28일,감봉,공동사 정산등 업무처리 부적정,미고발
28,(주)한국건설관리공사,기타공공기관,국토교통부,2019년 06월 28일,감봉,공동사 정산 등 업무처리 부적정,미고발
29,(주)한국건설관리공사,기타공공기관,국토교통부,2019년 08월 13일,견책,남양주위탁사업 업무처리 부적정,미고발
30,(주)한국건설관리공사,기타공공기관,국토교통부,2020년 01월 20일,견책,전력기술관리법 및 취업규정(성실의의무) 미준수,미고발
31,(주)한국건설관리공사,기타공공기관,국토교통부,2020년 01월 20일,견책,전력기술관리법 및 취업규정(성실의의무) 미준수,미고발
0,88관광개발(주),기타공공기관,국가보훈처,2020년 02월 25일,감급 5개월,성희롱 관련,미고발
1,88관광개발(주),기타공공기관,국가보훈처,2020년 02월 25일,견책,비상대기 복무관련,미고발
2,88관광개발(주),기타공공기관,국가보훈처,2018년 09월 28일,견책,VAN사 계약 업무처리 미흡,미고발
3,88관광개발(주),기타공공기관,국가보훈처,2018년 03월 21일,감급 3개월,청소대금 140만원 이중 지급 후 반환 받음,미고발
4,88관광개발(주),기타공공기관,국가보훈처,2017년 01월 01일,감급 6개월,부하직원 관리감독 부족 및 업무소홀,미고발
5,88관광개발(주),기타공공기관,국가보훈처,2017년 01월 01일,감급 6개월,부하직원 관리감독 부족 및 업무소홀,미고발
6,88관광개발(주),기타공공기관,국가보훈처,2017년 01월 01일,감급 3개월,업무소홀,미고발
7,88관광개발(주),기타공공기관,국가보훈처,2017년 01월 01일,감급 3개월,업무소홀,미고발
0,가축위생방역지원본부,기타공공기관,농림축산식품부,2020년 06월 29일,견책,인사발령 관련 직권남용,미고발
1,가축위생방역지원본부,기타공공기관,농림축산식품부,2020년 06월 29일,불문경고,인사발령 관련 직권남용,미고발
2,가축위생방역지원본부,기타공공기관,농림축산식품부,2020년 03월 12일,강등,"성희롱, 갑질, 모욕, 폭행 등 복무규정 위반",미고발
3,가축위생방역지원본부,기타공공기관,농림축산식품부,2020년 03월 12일,불문경고,노사협의회 준칙 등 위반,미고발
4,가축위생방역지원본부,기타공공기관,농림축산식품부,2020년 03월 12일,불문경고,감사규정 등 위반,미고발
5,가축위생방역지원본부,기타공공기관,농림축산식품부,2020년 03월 12일,감봉3월,복무규정 등 위반,미고발
6,가축위생방역지원본부,기타공공기관,농림축산식품부,2020년 03월 12일,견책,복무규정 등 위반,미고발
7,가축위생방역지원본부,기타공공기관,농림축산식품부,2020년 03월 12일,정직1월,"도로교통법 제44조위반, 음주측정 불응",미고발
8,가축위생방역지원본부,기타공공기관,농림축산식품부,2020년 03월 12일,감봉1월,"도로교통법 제44조위반, 음주운전 면허취소",미고발
9,가축위생방역지원본부,기타공공기관,농림축산식품부,2020년 03월 12일,견책,"도로교통법 제44조위반, 음주운전 면허정지",미고발
10,가축위생방역지원본부,기타공공기관,농림축산식품부,2019년 11월 01일,정직1월,"도로교통법 제44조위반, 음주운전 면허취소",미고발
11,가축위생방역지원본부,기타공공기관,농림축산식품부,2019년 09월 06일,견책,성희롱고충심의위원회 결과에 따른 성희롱,미고발
12,가축위생방역지원본부,기타공공기관,농림축산식품부,2019년 08월 12일,불문경고,복무규정 위반,미고발
13,가축위생방역지원본부,기타공공기관,농림축산식품부,2019년 08월 12일,감봉2월,복무규정 및 행동강령 등 위반,미고발
14,가축위생방역지원본부,기타공공기관,농림축산식품부,2019년 08월 12일,견책,복무규정 등 위반,미고발
15,가축위생방역지원본부,기타공공기관,농림축산식품부,2019년 08월 12일,감봉1월,복무규정 및 행동강령 등 위반,미고발
16,가축위생방역지원본부,기타공공기관,농림축산식품부,2019년 08월 12일,감봉2월,복무규정 등 위반(성희롱),미고발
17,가축위생방역지원본부,기타공공기관,농림축산식품부,2019년 08월 12일,정직3월,복무규정 및 행동강령 등 위반,미고발
18,가축위생방역지원본부,기타공공기관,농림축산식품부,2019년 08월 12일,파면,복무규정 및 행동강령 등 위반,미고발
19,가축위생방역지원본부,기타공공기관,농림축산식품부,2019년 06월 01일,불문(경고),복무규정 위반(품위유지의무 위반),미고발
20,가축위생방역지원본부,기타공공기관,농림축산식품부,2019년 01월 01일,불문(경고),"복무규정, 시간외근무수당 업무처리 지침 위반",미고발
21,가축위생방역지원본부,기타공공기관,농림축산식품부,2019년 01월 01일,불문(경고),"복무규정, 시간외근무수당 업무처리 지침 위반",미고발
22,가축위생방역지원본부,기타공공기관,농림축산식품부,2019년 01월 01일,불문(경고),"복무규정, 시간외근무수당 업무처리 지침 위반",미고발
23,가축위생방역지원본부,기타공공기관,농림축산식품부,2019년 01월 01일,불문(경고),"복무규정, 시간외근무수당 업무처리 지침 위반",미고발
24,가축위생방역지원본부,기타공공기관,농림축산식품부,2019년 01월 01일,불문(경고),"복무규정, 시간외근무수당 업무처리 지침 위반",미고발
25,가축위생방역지원본부,기타공공기관,농림축산식품부,2019년 01월 01일,불문(경고),"복무규정, 시간외근무수당 업무처리 지침 위반",미고발
26,가축위생방역지원본부,기타공공기관,농림축산식품부,2019년 01월 01일,불문(경고),"복무규정, 시간외근무수당 업무처리 지침 위반",미고발
27,가축위생방역지원본부,기타공공기관,농림축산식품부,2019년 01월 01일,불문(경고),"복무규정, 시간외근무수당 업무처리 지침 위반",미고발
28,가축위생방역지원본부,기타공공기관,농림축산식품부,2019년 01월 01일,불문(경고),"복무규정, 시간외근무수당 업무처리 지침 위반",미고발
29,가축위생방역지원본부,기타공공기관,농림축산식품부,2019년 01월 01일,불문(경고),"복무규정, 시간외근무수당 업무처리 지침 위반",미고발
30,가축위생방역지원본부,기타공공기관,농림축산식품부,2019년 01월 01일,불문(경고),"복무규정, 시간외근무수당 업무처리 지침 위반",미고발
31,가축위생방역지원본부,기타공공기관,농림축산식품부,2019년 01월 01일,불문(경고),"복무규정, 시간외근무수당 업무처리 지침 위반",미고발
32,가축위생방역지원본부,기타공공기관,농림축산식품부,2019년 01월 01일,불문(경고),"복무규정, 시간외근무수당 업무처리 지침 위반",미고발
33,가축위생방역지원본부,기타공공기관,농림축산식품부,2019년 01월 01일,불문(경고),"복무규정, 시간외근무수당 업무처리 지침 위반",미고발
34,가축위생방역지원본부,기타공공기관,농림축산식품부,2019년 01월 01일,불문(경고),"복무규정, 시간외근무수당 업무처리 지침 위반",미고발
35,가축위생방역지원본부,기타공공기관,농림축산식품부,2019년 01월 01일,불문(경고),"복무규정, 시간외근무수당 업무처리 지침 위반",미고발
36,가축위생방역지원본부,기타공공기관,농림축산식품부,2019년 01월 01일,견책,"복무규정, 시간외근무수당 업무처리 지침 위반",미고발
37,가축위생방역지원본부,기타공공기관,농림축산식품부,2019년 01월 01일,견책,"복무규정, 시간외근무수당 업무처리 지침 위반",미고발
38,가축위생방역지원본부,기타공공기관,농림축산식품부,2019년 01월 01일,견책,"복무규정, 시간외근무수당 업무처리 지침 위반",미고발
39,가축위생방역지원본부,기타공공기관,농림축산식품부,2019년 01월 01일,견책,"복무규정, 시간외근무수당 업무처리 지침 위반",미고발
40,가축위생방역지원본부,기타공공기관,농림축산식품부,2019년 01월 01일,견책,"복무규정, 시간외근무수당 업무처리 지침 위반",미고발
41,가축위생방역지원본부,기타공공기관,농림축산식품부,2019년 01월 01일,견책,"복무규정, 시간외근무수당 업무처리 지침 위반",미고발
42,가축위생방역지원본부,기타공공기관,농림축산식품부,2019년 01월 01일,견책,"복무규정, 시간외근무수당 업무처리 지침 위반",미고발
43,가축위생방역지원본부,기타공공기관,농림축산식품부,2019년 01월 01일,견책,"복무규정, 시간외근무수당 업무처리 지침 위반",미고발
44,가축위생방역지원본부,기타공공기관,농림축산식품부,2019년 01월 01일,견책,"복무규정, 시간외근무수당 업무처리 지침 위반",미고발
45,가축위생방역지원본부,기타공공기관,농림축산식품부,2019년 01월 01일,견책,"복무규정, 시간외근무수당 업무처리 지침 위반",미고발
46,가축위생방역지원본부,기타공공기관,농림축산식품부,2019년 01월 01일,견책,"복무규정, 시간외근무수당 업무처리 지침 위반",미고발
47,가축위생방역지원본부,기타공공기관,농림축산식품부,2019년 01월 01일,견책,"복무규정, 시간외근무수당 업무처리 지침 위반",미고발
48,가축위생방역지원본부,기타공공기관,농림축산식품부,2019년 01월 01일,견책,"복무규정, 시간외근무수당 업무처리 지침 위반",미고발
49,가축위생방역지원본부,기타공공기관,농림축산식품부,2019년 01월 01일,견책,"복무규정, 시간외근무수당 업무처리 지침 위반",미고발
50,가축위생방역지원본부,기타공공기관,농림축산식품부,2019년 01월 01일,감봉1월,"복무규정, 시간외근무수당 업무처리 지침 위반",미고발
51,가축위생방역지원본부,기타공공기관,농림축산식품부,2019년 01월 01일,감봉1월,"복무규정, 시간외근무수당 업무처리 지침 위반",미고발
52,가축위생방역지원본부,기타공공기관,농림축산식품부,2019년 01월 01일,감봉1월,"복무규정, 시간외근무수당 업무처리 지침 위반",미고발
53,가축위생방역지원본부,기타공공기관,농림축산식품부,2019년 01월 01일,감봉1월,"복무규정, 시간외근무수당 업무처리 지침 위반",미고발
54,가축위생방역지원본부,기타공공기관,농림축산식품부,2019년 01월 01일,견책,"행동강령, 복무규정, 차량관리규정 위반",미고발
55,가축위생방역지원본부,기타공공기관,농림축산식품부,2019년 01월 01일,불문(경고),"행동강령, 복무규정 위반",미고발
56,가축위생방역지원본부,기타공공기관,농림축산식품부,2018년 09월 12일,정직2월,"행동강령, 복무규정 위반",미고발
57,가축위생방역지원본부,기타공공기관,농림축산식품부,2018년 09월 12일,감봉3월,"행동강령, 복무규정 위반",미고발
58,가축위생방역지원본부,기타공공기관,농림축산식품부,2018년 09월 12일,견책,"행동강령, 복무규정 위반",미고발
59,가축위생방역지원본부,기타공공기관,농림축산식품부,2018년 09월 12일,정직1월,복무규정 위반(품위유지의무 위반),미고발
60,가축위생방역지원본부,기타공공기관,농림축산식품부,2018년 09월 12일,감봉2월,복무규정 위반(품위유지의무 위반),미고발
61,가축위생방역지원본부,기타공공기관,농림축산식품부,2018년 08월 01일,정직2월,"행동강령, 복무규정(품위유지의무) 위반",미고발
62,가축위생방역지원본부,기타공공기관,농림축산식품부,2018년 08월 01일,정직1월,행동강령 위반 등,미고발
63,가축위생방역지원본부,기타공공기관,농림축산식품부,2018년 08월 01일,정직2월,"행동강령 위반, 개인정보보호준칙 위반 등",미고발
64,가축위생방역지원본부,기타공공기관,농림축산식품부,2018년 08월 01일,감봉1월,"행동강령 위반, 개인정보보호준칙 위반 등",미고발
65,가축위생방역지원본부,기타공공기관,농림축산식품부,2018년 08월 01일,견책,행동강령 위반,미고발
66,가축위생방역지원본부,기타공공기관,농림축산식품부,2018년 08월 01일,정직3월,"행동강령 위반, 개인정보보호준칙 위반 등",미고발
67,가축위생방역지원본부,기타공공기관,농림축산식품부,2018년 08월 01일,감봉1월,"도로교통법 제44조위반, 음주운전 면허취소",미고발
68,가축위생방역지원본부,기타공공기관,농림축산식품부,2018년 02월 13일,감봉1월,직원의 영리행위금지 및 이해관계자 직무회피 위반,미고발
69,가축위생방역지원본부,기타공공기관,농림축산식품부,2018년 02월 13일,감봉3월,봉사활동을 가장한 직원사적 노동 동원,미고발
70,가축위생방역지원본부,기타공공기관,농림축산식품부,2018년 02월 13일,견책,방역차량 사적사용 및 근무지 이탈,미고발
71,가축위생방역지원본부,기타공공기관,농림축산식품부,2017년 10월 24일,정직3월,인사 및 복무규정 위반,미고발
72,가축위생방역지원본부,기타공공기관,농림축산식품부,2017년 08월 10일,강등,복무 및 인사규정 위반,미고발
73,가축위생방역지원본부,기타공공기관,농림축산식품부,2017년 08월 09일,감봉1월,"도로교통법 제44조위반, 음주운전 면허취소",미고발
74,가축위생방역지원본부,기타공공기관,농림축산식품부,2016년 09월 29일,감봉1월,"도로교통법 제44조위반, 음주운전 면허취소",미고발
75,가축위생방역지원본부,기타공공기관,농림축산식품부,2016년 09월 29일,견책,근무시간중 근무지 무단이탈 및 음주,미고발
76,가축위생방역지원본부,기타공공기관,농림축산식품부,2016년 09월 29일,견책,근무시간중 근무지 무단이탈 및 음주,미고발
77,가축위생방역지원본부,기타공공기관,농림축산식품부,2016년 09월 29일,견책,근무시간중 근무지 무단이탈 및 음주,미고발
0,강릉원주대학교치과병원,기타공공기관,교육부,2019년 03월 12일,불문(경고),1. 관련근거 :교육부 감사총괄담당관-581(2019.01.29)2. 위호에 의한 사무운영직(계약직) 채용전형 평가 부적정,미고발
1,강릉원주대학교치과병원,기타공공기관,교육부,2019년 03월 12일,불문(경고),1. 관련근거 :교육부 감사총괄담당관-581(2019.01.29)2. 위호에 의한 전공의 채용전형 평가 부적정,미고발
2,강릉원주대학교치과병원,기타공공기관,교육부,2020년 04월 07일,정직(1월),1. 관련근거 : 교육부 감사총괄담당관-1564(2020.03.11)2. 위호에 의한 취업지원 대상자 가점 부당 부여,미고발
0,강원대학교병원,기타공공기관,교육부,2017년 03월 30일,감봉3월,성희롱,미고발
1,강원대학교병원,기타공공기관,교육부,2017년 05월 01일,견책,의무기록 무단열람 및 근무지 무단이탈,미고발
2,강원대학교병원,기타공공기관,교육부,2018년 07월 11일,감봉1월,약품관리 관련 직무태만 및 회계질서문란,미고발
3,강원대학교병원,기타공공기관,교육부,2018년 07월 11일,견책,약품관리 관련 직무태만 및 회계질서문란,미고발
4,강원대학교병원,기타공공기관,교육부,2018년 07월 11일,견책,약품관리 관련 직무태만 및 회계질서문란,미고발
5,강원대학교병원,기타공공기관,교육부,2018년 11월 13일,견책,성실의무 위반 및 복무질서 문란,미고발
6,강원대학교병원,기타공공기관,교육부,2019년 01월 02일,정직2월,"직원고충처리위원회 관련 폭언, 감질(권한남용부당행위)",미고발
7,강원대학교병원,기타공공기관,교육부,2019년 01월 21일,감봉2월,"직원고충처리위원회 관련 폭언, 갑질(직무태만)",미고발
8,강원대학교병원,기타공공기관,교육부,2019년 01월 28일,정직3월,직원고충처리위원회 관련(권한남용부당행위),미고발
9,강원대학교병원,기타공공기관,교육부,2019년 01월 28일,감봉3월,직원고충처리위원회 관련성희롱,미고발
10,강원대학교병원,기타공공기관,교육부,2019년 06월 24일,견책,"직원고충처리위원회 관련(폭언, 부당한 업무지시)",미고발
11,강원대학교병원,기타공공기관,교육부,2019년 10월 15일,정직1월,직장이탈금지위반,미고발
12,강원대학교병원,기타공공기관,교육부,2019년 10월 16일,정직1월,청원휴가 부당신청,미고발
13,강원대학교병원,기타공공기관,교육부,2019년 10월 16일,견책,회계처리지연,미고발
14,강원대학교병원,기타공공기관,교육부,2019년 10월 16일,정직1월,직장내폭력행위,미고발
15,강원대학교병원,기타공공기관,교육부,2019년 10월 16일,감봉3월,직장내폭력행위,미고발
16,강원대학교병원,기타공공기관,교육부,2019년 10월 16일,감봉3월,직장내폭력행위,미고발
17,강원대학교병원,기타공공기관,교육부,2019년 10월 28일,감봉2월,교육부 채용 전수조사 관련,미고발
18,강원대학교병원,기타공공기관,교육부,2019년 10월 28일,견책,교육부 채용 전수조사 관련,미고발
19,강원대학교병원,기타공공기관,교육부,2019년 10월 28일,견책,교육부 채용 전수조사 관련,미고발
20,강원대학교병원,기타공공기관,교육부,2019년 10월 28일,견책,교육부 채용 전수조사 관련,미고발
21,강원대학교병원,기타공공기관,교육부,2019년 10월 28일,견책,교육부 채용 전수조사 관련,미고발
22,강원대학교병원,기타공공기관,교육부,2019년 12월 09일,견책,음주운전,미고발
23,강원대학교병원,기타공공기관,교육부,2019년 12월 09일,견책,음주운전,미고발
24,강원대학교병원,기타공공기관,교육부,2020년 01월 21일,정직1월,성희롱,미고발
25,강원대학교병원,기타공공기관,교육부,2020년 04월 01일,정직2월,"직장내 괴롭힘, 직무태만",미고발
26,강원대학교병원,기타공공기관,교육부,2020년 04월 01일,정직1월,직장내 괴롭힘,미고발
0,건강보험심사평가원,준정부기관(위탁집행형),보건복지부,2017년 04월 14일,감봉,직무소홀,미고발
1,건강보험심사평가원,준정부기관(위탁집행형),보건복지부,2017년 04월 14일,감봉,직무소홀,미고발
2,건강보험심사평가원,준정부기관(위탁집행형),보건복지부,2017년 05월 26일,정직,향응수수,미고발
3,건강보험심사평가원,준정부기관(위탁집행형),보건복지부,2017년 06월 02일,강등,청렴의무위반,미고발
4,건강보험심사평가원,준정부기관(위탁집행형),보건복지부,2017년 07월 19일,정직,직원품위손상,미고발
5,건강보험심사평가원,준정부기관(위탁집행형),보건복지부,2017년 10월 24일,감봉,직원품위손상,미고발
6,건강보험심사평가원,준정부기관(위탁집행형),보건복지부,2017년 12월 29일,감봉,직원품위손상,미고발
7,건강보험심사평가원,준정부기관(위탁집행형),보건복지부,2017년 12월 29일,견책,직원품위손상,미고발
8,건강보험심사평가원,준정부기관(위탁집행형),보건복지부,2017년 12월 29일,견책,직원품위손상,미고발
9,건강보험심사평가원,준정부기관(위탁집행형),보건복지부,2018년 01월 08일,감봉,직원품위손상,미고발
10,건강보험심사평가원,준정부기관(위탁집행형),보건복지부,2018년 01월 22일,파면,금품수수,미고발
11,건강보험심사평가원,준정부기관(위탁집행형),보건복지부,2018년 01월 22일,견책,직무소홀,미고발
12,건강보험심사평가원,준정부기관(위탁집행형),보건복지부,2018년 01월 22일,견책,직무소홀,미고발
13,건강보험심사평가원,준정부기관(위탁집행형),보건복지부,2018년 02월 02일,파면,직원품위손상,미고발
14,건강보험심사평가원,준정부기관(위탁집행형),보건복지부,2018년 05월 04일,강등,직원품위손상,미고발
15,건강보험심사평가원,준정부기관(위탁집행형),보건복지부,2018년 09월 18일,견책,직무소홀,미고발
16,건강보험심사평가원,준정부기관(위탁집행형),보건복지부,2019년 07월 01일,견책,감독소홀,미고발
17,건강보험심사평가원,준정부기관(위탁집행형),보건복지부,2019년 07월 01일,감봉,감독소홀,미고발
18,건강보험심사평가원,준정부기관(위탁집행형),보건복지부,2019년 07월 29일,감봉,직무소홀,미고발
19,건강보험심사평가원,준정부기관(위탁집행형),보건복지부,2019년 10월 30일,해임,금품수수,미고발
20,건강보험심사평가원,준정부기관(위탁집행형),보건복지부,2020년 01월 20일,파면,성희롱,미고발
0,건설근로자공제회,기타공공기관,고용노동부,2018년 12월 21일,견책,직무태만,미고발
1,건설근로자공제회,기타공공기관,고용노동부,2019년 04월 30일,견책,품위유지의무 위반,미고발
2,건설근로자공제회,기타공공기관,고용노동부,2019년 05월 23일,감봉,"겸직금지, 외부강의 관련 규정 위반",미고발
3,건설근로자공제회,기타공공기관,고용노동부,2019년 08월 28일,견책,품위유지의무 위반,미고발
0,# 건축도시공간연구소,부설기관(국토연구원),국무조정실,2020년 06월 30일,-,2020년 2/4분기 징계처분 내역 없음.,-
0,게임물관리위원회,기타공공기관,문화체육관광부,2018년 11월 12일,감봉,"관계법령, 위원회 제규정 등을 위반(명예훼손 및 보안서약서 등 위반)",미고발
0,경북대학교병원,기타공공기관,교육부,2020년 04월 16일,정직2월,품위유지의무 위반,미고발
1,경북대학교병원,기타공공기관,교육부,2020년 04월 16일,정직3월,품위유지의무 위반,미고발
2,경북대학교병원,기타공공기관,교육부,2020년 06월 16일,견책,성실의무 위반,미고발
0,경북대학교치과병원,기타공공기관,교육부,2017년 03월 27일,해임,재고자산(합금류) 관리 부적정,미고발
1,경북대학교치과병원,기타공공기관,교육부,2017년 12월 29일,견책,품위손상,미고발
2,경북대학교치과병원,기타공공기관,교육부,2018년 01월 30일,불문(경고),채용관련 절차 부적정 (법령 및 제규정에 의한 준수사항 위반),미고발
3,경북대학교치과병원,기타공공기관,교육부,2018년 01월 30일,불문(경고),채용관련 절차 부적정 (법령 및 제규정에 의한 준수사항 위반),미고발
4,경북대학교치과병원,기타공공기관,교육부,2019년 10월 22일,감봉(3개월),도로교통법 위반 (음주운전 단속 적발) (법령 및 제규정에 의한 준수사항 위반),미고발
0,경상대학교병원,기타공공기관,교육부,2020년 05월 29일,정직3월,성실의무 위반,미고발
0,경제인문사회연구회,기타공공기관,국무조정실,2018년 01월 16일,감봉3개월*성인권 특별교육 8시간 이수,직장내 성희롱,미고발
1,경제인문사회연구회,기타공공기관,국무조정실,2018년 06월 04일,감봉1개월,인건비 집행 부적정,미고발
2,경제인문사회연구회,기타공공기관,국무조정실,2019년 03월 04일,감봉1개월,대외활동 신고의무 위반,미고발
0,# 고등과학원,부설기관(한국과학기술원),과학기술정보통신부,2017년 09월 02일,해임,인사규정 제28조의2(직장이탈의 금지) 규정 위반,미고발
1,# 고등과학원,부설기관(한국과학기술원),과학기술정보통신부,2018년 11월 19일,강급,인사규정 제30조(품위유지의 의무) 및 성실의무 위반,미고발
2,# 고등과학원,부설기관(한국과학기술원),과학기술정보통신부,2019년 02월 13일,정직,자금운용 관리지침 등 위반 및 자금운용 관리 부적절,미고발
3,# 고등과학원,부설기관(한국과학기술원),과학기술정보통신부,2019년 02월 13일,견책,자금운용 관리지침 미준수,미고발
0,공무원연금공단,준정부기관(기금관리형),인사혁신처,2016년 10월 05일,감봉,"직무태만, 업무부적정",미고발
1,공무원연금공단,준정부기관(기금관리형),인사혁신처,2018년 09월 19일,견책,성실의무 및 법규준수 위반,미고발
2,공무원연금공단,준정부기관(기금관리형),인사혁신처,2019년 07월 26일,정직,품위유지의무 위반 등,미고발
0,과학기술정책연구원,기타공공기관,국무조정실,2017년 02월 08일,견책,연구원 원규를 위반하였을 때 연구원의 위신을 손상시킨 행위,미고발
1,과학기술정책연구원,기타공공기관,국무조정실,2018년 09월 01일,정직 2개월,"감사원 감사결과 처분요구사항 반영 복무규정, 임직원 행동강령 등 위반",미고발
2,과학기술정책연구원,기타공공기관,국무조정실,2018년 09월 01일,견책,"복무규정, 임직원 행동강령 등 위반",미고발
0,광주과학기술원,기타공공기관,과학기술정보통신부,2016년 12월 27일,감봉3개월,직권남용 및 품위유지 의무 위반,미고발
1,광주과학기술원,기타공공기관,과학기술정보통신부,2017년 06월 26일,해임,품위유지 의무 위반,미고발
2,광주과학기술원,기타공공기관,과학기술정보통신부,2018년 02월 19일, 견책,인사업무 부적정,미고발
3,광주과학기술원,기타공공기관,과학기술정보통신부,2019년 02월 22일,해임,품위유지 의무 위반,고발
4,광주과학기술원,기타공공기관,과학기술정보통신부,2019년 06월 20일,해임,품위유지 의무 위반,고발
0,국가과학기술연구회,기타공공기관,과학기술정보통신부,2016년 12월 30일,견책,"성실, 청렴, 품위유지 의무 위반",미고발
1,국가과학기술연구회,기타공공기관,과학기술정보통신부,2016년 12월 30일,견책,"성실, 품위유지 의무 위반",미고발
2,국가과학기술연구회,기타공공기관,과학기술정보통신부,2017년 01월 26일,정직(6개월),"성실, 청렴, 품위유지 의무 위반",미고발
3,국가과학기술연구회,기타공공기관,과학기술정보통신부,2019년 07월 24일,정직(2개월),품위유지 의무 위반,미고발
4,국가과학기술연구회,기타공공기관,과학기술정보통신부,2020년 02월 17일,견책,"성실, 품위유지 의무 위반",미고발
0,# 국가과학기술인력개발원,부설기관(한국과학기술기획평가원),과학기술정보통신부,2020년 06월 02일,감봉,성실의무 및 규정준수 위반 ,미고발
1,# 국가과학기술인력개발원,부설기관(한국과학기술기획평가원),과학기술정보통신부,2020년 06월 02일,견책,성실의무 및 규정준수 위반 ,미고발
2,# 국가과학기술인력개발원,부설기관(한국과학기술기획평가원),과학기술정보통신부,2020년 06월 09일,감봉 ,성실의무 및 규정준수 위반,미고발
0,# 국가수리과학연구소,부설기관(기초과학연구원),과학기술정보통신부,2018년 05월 19일,정직,주요사업 연구부실 및 위탁과제 관리부실,미고발
1,# 국가수리과학연구소,부설기관(기초과학연구원),과학기술정보통신부,2019년 08월 06일,감봉,직무태만,미고발
2,# 국가수리과학연구소,부설기관(기초과학연구원),과학기술정보통신부,2019년 11월 15일,정직,갑질행위 및 학술행사용역 관련 업무부적정,미고발
0,국가평생교육진흥원,기타공공기관,교육부,2018년 02월 23일,견책,성실의무 위반,미고발
1,국가평생교육진흥원,기타공공기관,교육부,2019년 05월 16일,해임,"성실의무, 친절공정의무, 품위유지의무 위반",미고발
2,국가평생교육진흥원,기타공공기관,교육부,2019년 07월 30일,견책,"성실의무, 친철공정의무 위반",미고발
0,# 국가핵융합연구소,부설기관(한국기초과학지원연구원),과학기술정보통신부,2020년 01월 10일,감봉 3개월,품위유지 의무 위반,미고발
0,국립공원공단,준정부기관(위탁집행형),환경부,2016년 11월 14일,정직 3월,근무기강 확립 및 품위유지 조항 위반,미고발
1,국립공원공단,준정부기관(위탁집행형),환경부,2016년 12월 28일,견책,책임완수 및 감독원의 임무 조항 위반,미고발
2,국립공원공단,준정부기관(위탁집행형),환경부,2017년 02월 06일,견책,품위유지의무 위반,미고발
3,국립공원공단,준정부기관(위탁집행형),환경부,2017년 06월 07일,감봉 2월,책임완수 소홀,미고발
4,국립공원공단,준정부기관(위탁집행형),환경부,2017년 06월 07일,감봉 3월,품위유지의무 위반,미고발
5,국립공원공단,준정부기관(위탁집행형),환경부,2017년 06월 07일,견책,품위유지의무 위반,미고발
6,국립공원공단,준정부기관(위탁집행형),환경부,2017년 07월 11일,감봉 1월,책임완수 소홀,미고발
7,국립공원공단,준정부기관(위탁집행형),환경부,2017년 09월 11일,감봉 3월,근무기강 확립 및 품위유지 조항 위반,미고발
8,국립공원공단,준정부기관(위탁집행형),환경부,2017년 09월 11일,정직 3월,품위유지의무 위반,미고발
9,국립공원공단,준정부기관(위탁집행형),환경부,2017년 12월 22일,견책,품위유지의무 위반,미고발
10,국립공원공단,준정부기관(위탁집행형),환경부,2018년 02월 13일,감봉 2월,음주,미고발
11,국립공원공단,준정부기관(위탁집행형),환경부,2018년 02월 13일,감봉 2월,음주,미고발
12,국립공원공단,준정부기관(위탁집행형),환경부,2018년 02월 13일,견책,책임완수 위반,미고발
13,국립공원공단,준정부기관(위탁집행형),환경부,2018년 02월 13일,감봉 2월,책임완수 위반,미고발
14,국립공원공단,준정부기관(위탁집행형),환경부,2018년 02월 13일,정직 3월,책임완수 및 근무기강 확립 위반,미고발
15,국립공원공단,준정부기관(위탁집행형),환경부,2018년 02월 13일,정직 3월,"품위유지, 책임완수 및 근무기강 확립 위반",미고발
16,국립공원공단,준정부기관(위탁집행형),환경부,2018년 02월 13일,정직 3월,"품위유지, 책임완수 및 근무기강 확립 위반",미고발
17,국립공원공단,준정부기관(위탁집행형),환경부,2018년 06월 26일,강등,책임완수 및 품위유지의무 위반,미고발
18,국립공원공단,준정부기관(위탁집행형),환경부,2018년 06월 26일,정직 3월,품위유지의무 위반,미고발
19,국립공원공단,준정부기관(위탁집행형),환경부,2018년 06월 26일,정직 3월,책임완수 및 품위유지의무 위반,미고발
20,국립공원공단,준정부기관(위탁집행형),환경부,2018년 06월 26일,감봉 1월,책임완수 위반,미고발
21,국립공원공단,준정부기관(위탁집행형),환경부,2018년 06월 26일,감봉 1월,책임완수 위반,미고발
22,국립공원공단,준정부기관(위탁집행형),환경부,2018년 11월 05일,감봉 3월,품위유지의무 위반,미고발
23,국립공원공단,준정부기관(위탁집행형),환경부,2018년 11월 05일,감봉 3월,음주,미고발
24,국립공원공단,준정부기관(위탁집행형),환경부,2019년 03월 24일,강등,품의유지의무 위반,미고발
25,국립공원공단,준정부기관(위탁집행형),환경부,2019년 03월 24일,강등,품의유지의무 위반,미고발
26,국립공원공단,준정부기관(위탁집행형),환경부,2019년 03월 24일,감봉 2월,품의유지의무 위반,미고발
27,국립공원공단,준정부기관(위탁집행형),환경부,2019년 03월 24일,감봉 2월,품의유지의무 위반,미고발
28,국립공원공단,준정부기관(위탁집행형),환경부,2019년 03월 24일,감봉 1월,품의유지의무 위반,미고발
29,국립공원공단,준정부기관(위탁집행형),환경부,2019년 03월 24일,감봉 1월,품의유지의무 위반,미고발
30,국립공원공단,준정부기관(위탁집행형),환경부,2019년 03월 24일,정직 2월,품의유지의무 위반,미고발
31,국립공원공단,준정부기관(위탁집행형),환경부,2019년 03월 24일,정직 2월,품의유지의무 위반,미고발
32,국립공원공단,준정부기관(위탁집행형),환경부,2019년 03월 24일,정직 2월,품의유지의무 위반,미고발
33,국립공원공단,준정부기관(위탁집행형),환경부,2019년 03월 24일,정직 2월,품의유지의무 위반,미고발
34,국립공원공단,준정부기관(위탁집행형),환경부,2019년 03월 24일,정직 1월,음주,미고발
35,국립공원공단,준정부기관(위탁집행형),환경부,2019년 03월 24일,정직 1월,품의유지의무 위반,미고발
36,국립공원공단,준정부기관(위탁집행형),환경부,2019년 03월 24일,정직 1월,품의유지의무 위반,미고발
37,국립공원공단,준정부기관(위탁집행형),환경부,2019년 04월 18일,정직 2월,품의유지의무 위반,미고발
38,국립공원공단,준정부기관(위탁집행형),환경부,2019년 10월 15일,정직 2월,품의유지의무 위반,미고발
39,국립공원공단,준정부기관(위탁집행형),환경부,2019년 10월 15일,정직 2월,품의유지의무 위반,미고발
40,국립공원공단,준정부기관(위탁집행형),환경부,2019년 10월 15일,견책,품의유지의무 위반,미고발
41,국립공원공단,준정부기관(위탁집행형),환경부,2019년 10월 15일,감봉 3월,품의유지의무 위반,미고발
42,국립공원공단,준정부기관(위탁집행형),환경부,2019년 10월 15일,견책,품의유지의무 위반,미고발
43,국립공원공단,준정부기관(위탁집행형),환경부,2019년 12월 26일,정직 2월,품의유지의무 위반,미고발
44,국립공원공단,준정부기관(위탁집행형),환경부,2019년 12월 26일,정직 1월,품의유지의무 위반,미고발
45,국립공원공단,준정부기관(위탁집행형),환경부,2019년 12월 26일,감봉 3월,당직 및 비상근무규칙 위반,미고발
46,국립공원공단,준정부기관(위탁집행형),환경부,2019년 12월 26일,감봉 2월,복무규칙 및 당직 및 비상근무규칙 등 위반,미고발
47,국립공원공단,준정부기관(위탁집행형),환경부,2019년 12월 26일,감봉 1월,복뮤규칙 및 당직 및 비상근무규칙 등 위반,미고발
48,국립공원공단,준정부기관(위탁집행형),환경부,2019년 12월 26일,해임,업무상 횡령죄,고발
49,국립공원공단,준정부기관(위탁집행형),환경부,2019년 12월 26일,해임,업무상 횡령죄,고발
50,국립공원공단,준정부기관(위탁집행형),환경부,2019년 12월 26일,정직 3월,업무상 횡령죄,고발
51,국립공원공단,준정부기관(위탁집행형),환경부,2019년 12월 26일,강등,업무상 횡령죄,고발
52,국립공원공단,준정부기관(위탁집행형),환경부,2019년 12월 26일,강등,업무상 횡령죄,고발
53,국립공원공단,준정부기관(위탁집행형),환경부,2020년 04월 23일,견책,직장내 괴롭힘,미고발
54,국립공원공단,준정부기관(위탁집행형),환경부,2020년 04월 23일,감봉 1월,도로교통법 위반,미고발
55,국립공원공단,준정부기관(위탁집행형),환경부,2020년 06월 19일,견책,감사규정 위반,미고발
56,국립공원공단,준정부기관(위탁집행형),환경부,2020년 06월 19일,감봉 1월,회계규정 위반,미고발
57,국립공원공단,준정부기관(위탁집행형),환경부,2020년 06월 19일,감봉 1월,회계규정 위반,미고발
58,국립공원공단,준정부기관(위탁집행형),환경부,2020년 06월 19일,정직 1월,복무규칙 위반,미고발
59,국립공원공단,준정부기관(위탁집행형),환경부,2020년 06월 19일,정직 1월,복무규칙 위반,미고발
0,국립광주과학관,기타공공기관,과학기술정보통신부,2016년 11월 14일,감봉,내규위반,미고발
1,국립광주과학관,기타공공기관,과학기술정보통신부,2016년 11월 14일,견책,내규위반,미고발
2,국립광주과학관,기타공공기관,과학기술정보통신부,2017년 02월 17일,견책,직무태만,미고발
3,국립광주과학관,기타공공기관,과학기술정보통신부,2017년 05월 31일,감봉,품위유지 의무 위반,미고발
0,국립낙동강생물자원관,기타공공기관,환경부,2018년 04월 11일,정직,인사규정 위반,미고발
1,국립낙동강생물자원관,기타공공기관,환경부,2019년 03월 27일,감봉,인사규정 위반,미고발
2,국립낙동강생물자원관,기타공공기관,환경부,2019년 11월 11일,해임,인사규정 위반,미고발
0,국립대구과학관,기타공공기관,과학기술정보통신부,2019년 01월 14일,정직,직권남용으로 타인 권리 침해첨령의무 위반,미고발
1,국립대구과학관,기타공공기관,과학기술정보통신부,2019년 01월 14일,견책,"직무태만, 회계질서 문란",미고발
2,국립대구과학관,기타공공기관,과학기술정보통신부,2019년 01월 14일,견책,"직무태만, 회계질서 문란",미고발
3,국립대구과학관,기타공공기관,과학기술정보통신부,2019년 01월 14일,견책,"직무태만, 회계질서 문란",미고발
4,국립대구과학관,기타공공기관,과학기술정보통신부,2019년 01월 14일,견책,직무태만,미고발
5,국립대구과학관,기타공공기관,과학기술정보통신부,2019년 01월 14일,감봉,직무태만,미고발
0,국립박물관문화재단,기타공공기관,문화체육관광부,2020년 06월 30일,2분기 해당없음,-,-
0,국립부산과학관,기타공공기관,과학기술정보통신부,2019년 09월 30일,해임,직무태만 및 회계질서 문란,고발
0,국립생태원,준정부기관(위탁집행형),환경부,2016년 11월 18일,파면,금품 등의 수수금지 의무 위반,고발
1,국립생태원,준정부기관(위탁집행형),환경부,2016년 11월 23일,감봉,직장이탈 금지 및 성실의무 위반,미고발
2,국립생태원,준정부기관(위탁집행형),환경부,2017년 01월 24일,견책,친절공정의무 위반,미고발
3,국립생태원,준정부기관(위탁집행형),환경부,2017년 08월 09일,견책,성실의무 위반,미고발
4,국립생태원,준정부기관(위탁집행형),환경부,2017년 12월 19일,견책,성실의무 위반,미고발
5,국립생태원,준정부기관(위탁집행형),환경부,2018년 01월 29일,견책,성실의무 위반,미고발
6,국립생태원,준정부기관(위탁집행형),환경부,2018년 01월 29일,견책,성실의무 위반,미고발
7,국립생태원,준정부기관(위탁집행형),환경부,2018년 07월 30일,정직,성실의무 위반,미고발
8,국립생태원,준정부기관(위탁집행형),환경부,2018년 08월 31일,정직,성실의무 위반,미고발
9,국립생태원,준정부기관(위탁집행형),환경부,2019년 09월 03일,견책,성실의무 위반,미고발
10,국립생태원,준정부기관(위탁집행형),환경부,2019년 09월 03일,견책,품위유지의 의무 위반,미고발
11,국립생태원,준정부기관(위탁집행형),환경부,2019년 12월 20일,감봉,품위유지의 의무 위반,미고발
0,국립암센터,기타공공기관,보건복지부,2018년 08월 27일,정직,복무규정 제5조 위반,미고발
1,국립암센터,기타공공기관,보건복지부,2018년 10월 02일,견책,"복무규정 제5조, 제6조 위반",미고발
2,국립암센터,기타공공기관,보건복지부,2018년 11월 30일,정직,복무규정 제5조 위반,고발
3,국립암센터,기타공공기관,보건복지부,2018년 12월 01일,정직,임직원행동강령 제22조 위반,미고발
4,국립암센터,기타공공기관,보건복지부,2018년 12월 12일,해임[취소 : 의원면직],남녀고용평등과 일가정 양립 지원에 관한 법률제12조 위반[징계취소 : 중앙노동위원회 부당해고 구제신청 화해조정(심판1과-5850(2019.07.25)],미고발
5,국립암센터,기타공공기관,보건복지부,2019년 01월 11일,정직,복무규정 제8조 위반,미고발
6,국립암센터,기타공공기관,보건복지부,2019년 02월 22일,정직,복무규정 제5조 위반,미고발
7,국립암센터,기타공공기관,보건복지부,2019년 06월 14일,해임,"복무규정 제12조, 제13조 위반",미고발
8,국립암센터,기타공공기관,보건복지부,2019년 07월 22일,견책,복무규정 제5조 위반,미고발
9,국립암센터,기타공공기관,보건복지부,2019년 11월 21일,해임,남녀고용평등과 일가정 양립 지원에 관한 법률 제12조 위반,미고발
0,국립중앙의료원,기타공공기관,보건복지부,2017년 01월 25일,감봉,직무상의 업무 불이행 등,미고발
1,국립중앙의료원,기타공공기관,보건복지부,2017년 10월 12일,정직,법령 및 제 규정에 의한 준수사항을 위반 등,미고발
2,국립중앙의료원,기타공공기관,보건복지부,2018년 02월 23일,감봉,"
직무상의 업무 불이행 등
",미고발
3,국립중앙의료원,기타공공기관,보건복지부,2018년 05월 29일,파면,청렴의무 등 위반,고발
4,국립중앙의료원,기타공공기관,보건복지부,2018년 10월 16일,정직,무단결근 등,미고발
5,국립중앙의료원,기타공공기관,보건복지부,2018년 10월 16일,정직,무단결근 등,미고발
6,국립중앙의료원,기타공공기관,보건복지부,2018년 10월 16일,감봉,무단결근 등,미고발
7,국립중앙의료원,기타공공기관,보건복지부,2018년 10월 16일,감봉,무단결근 등,미고발
8,국립중앙의료원,기타공공기관,보건복지부,2018년 12월 05일,견책,품위유지 의무 등 위반,미고발
9,국립중앙의료원,기타공공기관,보건복지부,2018년 12월 05일,견책,품위유지 의무 등 위반,미고발
10,국립중앙의료원,기타공공기관,보건복지부,2018년 12월 05일,견책,품위유지 의무 등 위반,미고발
11,국립중앙의료원,기타공공기관,보건복지부,2018년 12월 05일,견책,품위유지 의무 등 위반,미고발
12,국립중앙의료원,기타공공기관,보건복지부,2018년 12월 05일,견책,품위유지 의무 등 위반,미고발
13,국립중앙의료원,기타공공기관,보건복지부,2018년 12월 05일,견책,품위유지 의무 등 위반,미고발
14,국립중앙의료원,기타공공기관,보건복지부,2018년 12월 05일,견책,품위유지 의무 등 위반,미고발
15,국립중앙의료원,기타공공기관,보건복지부,2018년 12월 05일,견책,품위유지 의무 등 위반,미고발
16,국립중앙의료원,기타공공기관,보건복지부,2018년 12월 05일,견책,품위유지 의무 등 위반,미고발
17,국립중앙의료원,기타공공기관,보건복지부,2018년 12월 05일,견책,품위유지 의무 등 위반,미고발
18,국립중앙의료원,기타공공기관,보건복지부,2018년 12월 05일,견책,품위유지 의무 등 위반,미고발
19,국립중앙의료원,기타공공기관,보건복지부,2018년 12월 05일,견책,품위유지 의무 등 위반,미고발
20,국립중앙의료원,기타공공기관,보건복지부,2018년 12월 05일,견책,품위유지 의무 등 위반,미고발
21,국립중앙의료원,기타공공기관,보건복지부,2018년 12월 05일,견책,품위유지 의무 등 위반,미고발
22,국립중앙의료원,기타공공기관,보건복지부,2018년 12월 05일,견책,품위유지 의무 등 위반,미고발
23,국립중앙의료원,기타공공기관,보건복지부,2018년 12월 05일,견책,품위유지 의무 등 위반,미고발
24,국립중앙의료원,기타공공기관,보건복지부,2018년 12월 05일,견책,품위유지 의무 등 위반,미고발
25,국립중앙의료원,기타공공기관,보건복지부,2018년 12월 05일,견책,품위유지 의무 등 위반,미고발
26,국립중앙의료원,기타공공기관,보건복지부,2018년 12월 05일,견책,품위유지 의무 등 위반,미고발
27,국립중앙의료원,기타공공기관,보건복지부,2018년 12월 05일,견책,품위유지 의무 등 위반,미고발
28,국립중앙의료원,기타공공기관,보건복지부,2018년 12월 05일,견책,품위유지 의무 등 위반,미고발
29,국립중앙의료원,기타공공기관,보건복지부,2018년 12월 05일,견책,품위유지 의무 등 위반,미고발
30,국립중앙의료원,기타공공기관,보건복지부,2018년 12월 05일,견책,품위유지 의무 등 위반,미고발
31,국립중앙의료원,기타공공기관,보건복지부,2018년 12월 05일,견책,품위유지 의무 등 위반,미고발
32,국립중앙의료원,기타공공기관,보건복지부,2018년 12월 05일,견책,품위유지 의무 등 위반,미고발
33,국립중앙의료원,기타공공기관,보건복지부,2018년 12월 05일,견책,품위유지 의무 등 위반,미고발
34,국립중앙의료원,기타공공기관,보건복지부,2018년 12월 05일,견책,품위유지 의무 등 위반,미고발
35,국립중앙의료원,기타공공기관,보건복지부,2018년 12월 05일,견책,품위유지 의무 등 위반,미고발
36,국립중앙의료원,기타공공기관,보건복지부,2018년 12월 05일,견책,품위유지 의무 등 위반,미고발
37,국립중앙의료원,기타공공기관,보건복지부,2018년 12월 05일,견책,품위유지 의무 등 위반,미고발
38,국립중앙의료원,기타공공기관,보건복지부,2018년 12월 05일,견책,품위유지 의무 등 위반,미고발
39,국립중앙의료원,기타공공기관,보건복지부,2018년 12월 05일,견책,품위유지 의무 등 위반,미고발
40,국립중앙의료원,기타공공기관,보건복지부,2018년 12월 05일,견책,품위유지 의무 등 위반,미고발
41,국립중앙의료원,기타공공기관,보건복지부,2018년 12월 05일,견책,품위유지 의무 등 위반,미고발
42,국립중앙의료원,기타공공기관,보건복지부,2018년 12월 05일,견책,품위유지 의무 등 위반,미고발
43,국립중앙의료원,기타공공기관,보건복지부,2018년 12월 05일,견책,품위유지 의무 등 위반,미고발
44,국립중앙의료원,기타공공기관,보건복지부,2018년 12월 05일,견책,품위유지 의무 등 위반,미고발
45,국립중앙의료원,기타공공기관,보건복지부,2018년 12월 05일,견책,품위유지 의무 등 위반,미고발
46,국립중앙의료원,기타공공기관,보건복지부,2018년 12월 05일,견책,품위유지 의무 등 위반,미고발
47,국립중앙의료원,기타공공기관,보건복지부,2018년 12월 05일,견책,품위유지 의무 등 위반,미고발
48,국립중앙의료원,기타공공기관,보건복지부,2018년 12월 05일,견책,품위유지 의무 등 위반,미고발
49,국립중앙의료원,기타공공기관,보건복지부,2018년 12월 05일,견책,품위유지 의무 등 위반,미고발
50,국립중앙의료원,기타공공기관,보건복지부,2018년 12월 05일,견책,품위유지 의무 등 위반,미고발
51,국립중앙의료원,기타공공기관,보건복지부,2018년 12월 05일,견책,품위유지 의무 등 위반,미고발
52,국립중앙의료원,기타공공기관,보건복지부,2018년 12월 05일,견책,품위유지 의무 등 위반,미고발
53,국립중앙의료원,기타공공기관,보건복지부,2018년 12월 05일,견책,품위유지 의무 등 위반,미고발
54,국립중앙의료원,기타공공기관,보건복지부,2018년 12월 05일,견책,품위유지 의무 등 위반,미고발
55,국립중앙의료원,기타공공기관,보건복지부,2018년 12월 05일,견책,품위유지 의무 등 위반,미고발
56,국립중앙의료원,기타공공기관,보건복지부,2018년 12월 05일,견책,품위유지 의무 등 위반,미고발
57,국립중앙의료원,기타공공기관,보건복지부,2018년 12월 05일,견책,품위유지 의무 등 위반,미고발
58,국립중앙의료원,기타공공기관,보건복지부,2018년 12월 05일,견책,품위유지 의무 등 위반,미고발
59,국립중앙의료원,기타공공기관,보건복지부,2018년 12월 05일,견책,품위유지 의무 등 위반,미고발
60,국립중앙의료원,기타공공기관,보건복지부,2018년 12월 05일,견책,품위유지 의무 등 위반,미고발
61,국립중앙의료원,기타공공기관,보건복지부,2018년 12월 05일,견책,품위유지 의무 등 위반,미고발
62,국립중앙의료원,기타공공기관,보건복지부,2018년 12월 05일,견책,품위유지 의무 등 위반,미고발
63,국립중앙의료원,기타공공기관,보건복지부,2018년 12월 05일,견책,품위유지 의무 등 위반,미고발
64,국립중앙의료원,기타공공기관,보건복지부,2018년 12월 05일,견책,품위유지 의무 등 위반,미고발
65,국립중앙의료원,기타공공기관,보건복지부,2018년 12월 05일,견책,품위유지 의무 등 위반,미고발
66,국립중앙의료원,기타공공기관,보건복지부,2018년 12월 05일,견책,품위유지 의무 등 위반,미고발
67,국립중앙의료원,기타공공기관,보건복지부,2018년 12월 05일,견책,품위유지 의무 등 위반,미고발
68,국립중앙의료원,기타공공기관,보건복지부,2018년 12월 05일,견책,품위유지 의무 등 위반,미고발
69,국립중앙의료원,기타공공기관,보건복지부,2018년 12월 05일,견책,품위유지 의무 등 위반,미고발
70,국립중앙의료원,기타공공기관,보건복지부,2018년 12월 05일,견책,품위유지 의무 등 위반,미고발
71,국립중앙의료원,기타공공기관,보건복지부,2018년 12월 05일,견책,품위유지 의무 등 위반,미고발
72,국립중앙의료원,기타공공기관,보건복지부,2018년 12월 05일,견책,품위유지 의무 등 위반,미고발
73,국립중앙의료원,기타공공기관,보건복지부,2018년 12월 05일,견책,품위유지 의무 등 위반,미고발
74,국립중앙의료원,기타공공기관,보건복지부,2018년 12월 05일,견책,품위유지 의무 등 위반,미고발
75,국립중앙의료원,기타공공기관,보건복지부,2018년 12월 05일,견책,품위유지 의무 등 위반,미고발
76,국립중앙의료원,기타공공기관,보건복지부,2018년 12월 05일,견책,품위유지 의무 등 위반,미고발
77,국립중앙의료원,기타공공기관,보건복지부,2018년 12월 05일,견책,품위유지 의무 등 위반,미고발
78,국립중앙의료원,기타공공기관,보건복지부,2018년 12월 05일,견책,품위유지 의무 등 위반,미고발
79,국립중앙의료원,기타공공기관,보건복지부,2018년 12월 05일,견책,품위유지 의무 등 위반,미고발
80,국립중앙의료원,기타공공기관,보건복지부,2018년 12월 05일,견책,품위유지 의무 등 위반,미고발
81,국립중앙의료원,기타공공기관,보건복지부,2018년 12월 05일,견책,품위유지 의무 등 위반,미고발
82,국립중앙의료원,기타공공기관,보건복지부,2018년 12월 05일,견책,품위유지 의무 등 위반,미고발
83,국립중앙의료원,기타공공기관,보건복지부,2019년 02월 21일,견책,법령 및 제 규정에 의한 준수사항 위반 등,미고발
84,국립중앙의료원,기타공공기관,보건복지부,2019년 02월 21일,견책,법령 및 제 규정에 의한 준수사항 위반 등,미고발
85,국립중앙의료원,기타공공기관,보건복지부,2019년 06월 28일,견책,성실의무 등 위반,고발
86,국립중앙의료원,기타공공기관,보건복지부,2019년 06월 28일,견책,성실의무 등 위반,고발
87,국립중앙의료원,기타공공기관,보건복지부,2019년 06월 28일,견책,성실의무 등 위반,고발
88,국립중앙의료원,기타공공기관,보건복지부,2019년 06월 28일,견책,성실의무 등 위반,고발
89,국립중앙의료원,기타공공기관,보건복지부,2019년 06월 28일,견책,성실의무 등 위반,고발
90,국립중앙의료원,기타공공기관,보건복지부,2019년 06월 28일,견책,성실의무 등 위반,고발
91,국립중앙의료원,기타공공기관,보건복지부,2019년 06월 28일,견책,성실의무 등 위반,고발
92,국립중앙의료원,기타공공기관,보건복지부,2019년 06월 28일,견책,성실의무 등 위반,고발
93,국립중앙의료원,기타공공기관,보건복지부,2019년 06월 28일,견책,성실의무 등 위반,고발
94,국립중앙의료원,기타공공기관,보건복지부,2019년 06월 28일,견책,성실의무 등 위반,고발
95,국립중앙의료원,기타공공기관,보건복지부,2019년 06월 28일,견책,성실의무 등 위반,고발
96,국립중앙의료원,기타공공기관,보건복지부,2019년 06월 28일,견책,성실의무 등 위반,고발
97,국립중앙의료원,기타공공기관,보건복지부,2019년 06월 28일,견책,성실의무 등 위반,고발
98,국립중앙의료원,기타공공기관,보건복지부,2019년 06월 28일,견책,성실의무 등 위반,고발
99,국립중앙의료원,기타공공기관,보건복지부,2019년 06월 28일,견책,성실의무 등 위반,고발
100,국립중앙의료원,기타공공기관,보건복지부,2019년 06월 28일,견책,성실의무 등 위반,고발
101,국립중앙의료원,기타공공기관,보건복지부,2019년 06월 28일,견책,성실의무 등 위반,고발
102,국립중앙의료원,기타공공기관,보건복지부,2019년 06월 28일,견책,성실의무 등 위반,고발
103,국립중앙의료원,기타공공기관,보건복지부,2019년 06월 28일,견책,성실의무 등 위반,고발
104,국립중앙의료원,기타공공기관,보건복지부,2019년 06월 28일,견책,성실의무 등 위반,고발
105,국립중앙의료원,기타공공기관,보건복지부,2019년 06월 28일,견책,성실의무 등 위반,고발
106,국립중앙의료원,기타공공기관,보건복지부,2019년 08월 01일,견책,성실의무 등 위반,미고발
107,국립중앙의료원,기타공공기관,보건복지부,2019년 11월 26일,정직,성실의무 등 위반,고발
108,국립중앙의료원,기타공공기관,보건복지부,2020년 03월 01일,감봉,성실의무 등 위반,미고발
0,국립해양박물관,기타공공기관,해양수산부,2020년 04월 22일,감봉,업무불성실 및 지시사항 불이행,미고발
0,국립해양생물자원관,기타공공기관,해양수산부,2020년 05월 14일,정직(3개월),"성실의무, 품위유지의무 위반",미고발
0,국민건강보험공단,준정부기관(위탁집행형),보건복지부,2020년 01월 28일,해임,품위유지의무 위반,미고발
1,국민건강보험공단,준정부기관(위탁집행형),보건복지부,2020년 04월 13일,해임,품위유지의무 위반,미고발
2,국민건강보험공단,준정부기관(위탁집행형),보건복지부,2020년 04월 13일,해임,품위유지의무 위반,미고발
3,국민건강보험공단,준정부기관(위탁집행형),보건복지부,2020년 04월 28일,해임,품위유지의무 위반,미고발
4,국민건강보험공단,준정부기관(위탁집행형),보건복지부,2020년 05월 04일,해임,품위유지의무 위반,미고발
5,국민건강보험공단,준정부기관(위탁집행형),보건복지부,2020년 05월 13일,견책,성실의무 위반,미고발
6,국민건강보험공단,준정부기관(위탁집행형),보건복지부,2020년 05월 14일,감봉3월,성실의무 위반,미고발
7,국민건강보험공단,준정부기관(위탁집행형),보건복지부,2020년 06월 08일,정직1월,품위유지의무 위반,미고발
0,# 국민건강보험공단 일산병원,부설기관(국민건강보험공단),보건복지부,2020년 05월 11일,정직 3월,직원의 의무 위반,미고발
1,# 국민건강보험공단 일산병원,부설기관(국민건강보험공단),보건복지부,2020년 05월 11일,정직 1월,직원의 의무 위반,미고발
0,국민연금공단,준정부기관(기금관리형),보건복지부,2020년 04월 29일,감봉3월,"성실의 의무, 품위유지의 의무, 근무기강의 확립 위반",미고발
1,국민연금공단,준정부기관(기금관리형),보건복지부,2020년 04월 29일,해임,"성실의 의무, 품위유지의 의무, 근무기강의 확립 위반",미고발
2,국민연금공단,준정부기관(기금관리형),보건복지부,2020년 05월 29일,견책,성실의 의무 등 위반,미고발
0,국방과학연구소,기타공공기관,방위사업청,2020년 05월 20일,근신,품위유지 의무 위반,미고발
0,국방기술품질원,기타공공기관,방위사업청,2016년 11월 19일,견책,품보활동 부적정,미고발
1,국방기술품질원,기타공공기관,방위사업청,2018년 09월 18일,견책,품보활동 부적정(재심),미고발
2,국방기술품질원,기타공공기관,방위사업청,2018년 10월 01일,견책,음주운전,미고발
3,국방기술품질원,기타공공기관,방위사업청,2018년 12월 21일,견책,품보활동 부적정,미고발
4,국방기술품질원,기타공공기관,방위사업청,2018년 12월 21일,근신5근무일,품보활동 부적정,미고발
5,국방기술품질원,기타공공기관,방위사업청,2019년 01월 16일,근신5근무일,품보활동 부적정,미고발
6,국방기술품질원,기타공공기관,방위사업청,2019년 01월 27일,견책,품보활동 부적정,미고발
7,국방기술품질원,기타공공기관,방위사업청,2019년 01월 27일,견책,품위유지 의무 위반,미고발
8,국방기술품질원,기타공공기관,방위사업청,2019년 07월 24일,견책,부서내 갑질 등,미고발
9,국방기술품질원,기타공공기관,방위사업청,2019년 11월 05일,견책,품위유지 의무 위반,미고발
10,국방기술품질원,기타공공기관,방위사업청,2019년 12월 20일,근신15근무일,음주운전,미고발
11,국방기술품질원,기타공공기관,방위사업청,2019년 12월 30일,근신5근무일,음주운전,미고발
12,국방기술품질원,기타공공기관,방위사업청,2020년 03월 03일,감봉3월,보안위반,미고발
13,국방기술품질원,기타공공기관,방위사업청,2020년 04월 03일,면직,전도자금 횡령,고발
14,국방기술품질원,기타공공기관,방위사업청,2020년 04월 20일,감봉1월,전도자금 횡령직원 관리감독 부실,미고발
15,국방기술품질원,기타공공기관,방위사업청,2020년 04월 20일,근신10근무일,전도자금 횡령직원 관리감독 부실,미고발
16,국방기술품질원,기타공공기관,방위사업청,2020년 04월 20일,근신5근무일,전도자금 횡령직원 관리감독 부실,미고발
17,국방기술품질원,기타공공기관,방위사업청,2020년 04월 28일,근신10근무일,전도자금 횡령직원 관리감독 부실,미고발
18,국방기술품질원,기타공공기관,방위사업청,2020년 04월 28일,근신5근무일,전도자금 횡령직원 관리감독 부실,미고발
19,국방기술품질원,기타공공기관,방위사업청,2020년 04월 28일,근신3근무일,전도자금 횡령직원 관리감독 부실,미고발
20,국방기술품질원,기타공공기관,방위사업청,2020년 05월 27일,정직3월,기관 결산 업무 부적정 및 관리책임,미고발
21,국방기술품질원,기타공공기관,방위사업청,2020년 06월 09일,감봉1월,기관 결산 업무 부적정 ,미고발
22,국방기술품질원,기타공공기관,방위사업청,2020년 06월 09일,근신10근무일,기관 결산 업무 부적정 ,미고발
0,국방전직교육원,기타공공기관,국방부,2018년 02월 19일,정직,복무규정 및 성관련 법규 위반,미고발
0,국제방송교류재단,준정부기관(위탁집행형),문화체육관광부,2017년 12월 14일,견책,방송사고(편성회차 오류),미고발
1,국제방송교류재단,준정부기관(위탁집행형),문화체육관광부,2018년 07월 02일,해고,"성희롱, 제작비 유용 의혹 및 부적절한 업무지시 등",고발 
2,국제방송교류재단,준정부기관(위탁집행형),문화체육관광부,2018년 10월 25일,해고,사우회비 횡령건,미고발
3,국제방송교류재단,준정부기관(위탁집행형),문화체육관광부,2018년 11월 02일,견책,사우회 운영 관리 부적정,미고발
4,국제방송교류재단,준정부기관(위탁집행형),문화체육관광부,2018년 11월 02일,견책,사우회 운영 관리 부적정,미고발
0,국제식물검역인증원,기타공공기관,농림축산식품부,2018년 01월 10일,정직 1개월(감경적용: 감봉1개월),직장이탈 금지위반,미고발
0,국토교통과학기술진흥원,준정부기관(위탁집행형),국토교통부,2017년 08월 23일,해임,복무규정 등 위반,미고발
1,국토교통과학기술진흥원,준정부기관(위탁집행형),국토교통부,2017년 11월 30일,감봉,복무규정 위반,미고발
2,국토교통과학기술진흥원,준정부기관(위탁집행형),국토교통부,2017년 11월 30일,감봉,복무규정 위반,미고발
3,국토교통과학기술진흥원,준정부기관(위탁집행형),국토교통부,2018년 07월 05일,견책,성실의무 위반,미고발
4,국토교통과학기술진흥원,준정부기관(위탁집행형),국토교통부,2019년 01월 11일,정직,복무규정 위반,미고발
5,국토교통과학기술진흥원,준정부기관(위탁집행형),국토교통부,2020년 06월 08일,감봉,성실의무 위반,미고발
6,국토교통과학기술진흥원,준정부기관(위탁집행형),국토교통부,2020년 06월 08일,감봉,성실의무 위반,미고발
0,국토연구원,기타공공기관,국무조정실,2017년 04월 28일,"
감봉 1개월
","
품위유지의무 위반
","
미고발
"
1,국토연구원,기타공공기관,국무조정실,2017년 04월 28일,"
파면
","
외부활동 미신고 및 직장 무단 이탈, 연구비 편취 및 직무관련 금품수수
",미고발
2,국토연구원,기타공공기관,국무조정실,2019년 01월 10일,"
감봉 1개월
","
음주운전
",미고발
3,국토연구원,기타공공기관,국무조정실,2019년 06월 05일,"
견책
","
품위유지의무 및 규정준수 위반
",미고발
4,국토연구원,기타공공기관,국무조정실,2019년 12월 26일,"
파면
(2019.11.28.부 파면)

","
품위유지의무 위반, 연구원 각종 규정 위반 및 직무 해당여부를 불문하고 연구원 위신 손상 행위
",미고발
5,국토연구원,기타공공기관,국무조정실,2020년 01월 23일,견책,직무 해당여부를 불문하고 연구원의 위신을 손상하는 행위,미고발
0,그랜드코리아레저(주),공기업(준시장형),문화체육관광부,2016년 10월 22일,근신,관리 감독 소홀,미고발
1,그랜드코리아레저(주),공기업(준시장형),문화체육관광부,2016년 10월 22일,근신,관리 감독 소홀,미고발
2,그랜드코리아레저(주),공기업(준시장형),문화체육관광부,2016년 10월 22일,견책,관리 감독 소홀,미고발
3,그랜드코리아레저(주),공기업(준시장형),문화체육관광부,2016년 10월 27일,정직,임직원 행동강령 위반,미고발
4,그랜드코리아레저(주),공기업(준시장형),문화체육관광부,2016년 11월 09일,면직,부정행위,고발
5,그랜드코리아레저(주),공기업(준시장형),문화체육관광부,2016년 12월 09일,면직,부정행위,고발
6,그랜드코리아레저(주),공기업(준시장형),문화체육관광부,2016년 12월 16일,견책,관리 감독 소홀,미고발
7,그랜드코리아레저(주),공기업(준시장형),문화체육관광부,2016년 12월 16일,근신,관리 감독 소홀,미고발
8,그랜드코리아레저(주),공기업(준시장형),문화체육관광부,2016년 12월 22일,견책,관리 감독 소홀,미고발
9,그랜드코리아레저(주),공기업(준시장형),문화체육관광부,2016년 12월 30일,견책,관리 감독 소홀,미고발
10,그랜드코리아레저(주),공기업(준시장형),문화체육관광부,2016년 12월 30일,견책,관리 감독 소홀,미고발
11,그랜드코리아레저(주),공기업(준시장형),문화체육관광부,2017년 01월 11일,감봉,임직원 행동강령 위반,미고발
12,그랜드코리아레저(주),공기업(준시장형),문화체육관광부,2017년 01월 11일,감봉,임직원 행동강령 위반,미고발
13,그랜드코리아레저(주),공기업(준시장형),문화체육관광부,2017년 01월 11일,근신,임직원 행동강령 위반,미고발
14,그랜드코리아레저(주),공기업(준시장형),문화체육관광부,2017년 01월 11일,근신,임직원 행동강령 위반,미고발
15,그랜드코리아레저(주),공기업(준시장형),문화체육관광부,2017년 01월 11일,근신,임직원 행동강령 위반,미고발
16,그랜드코리아레저(주),공기업(준시장형),문화체육관광부,2017년 01월 11일,근신,임직원 행동강령 위반,미고발
17,그랜드코리아레저(주),공기업(준시장형),문화체육관광부,2017년 01월 11일,견책,업무처리 부적정,미고발
18,그랜드코리아레저(주),공기업(준시장형),문화체육관광부,2017년 01월 11일,견책,업무처리 부적정,미고발
19,그랜드코리아레저(주),공기업(준시장형),문화체육관광부,2017년 02월 13일,면직,직장질서 문란,미고발
20,그랜드코리아레저(주),공기업(준시장형),문화체육관광부,2017년 03월 21일,견책,제규정 위반,미고발
21,그랜드코리아레저(주),공기업(준시장형),문화체육관광부,2017년 03월 31일,면직,부정한 행위,고발
22,그랜드코리아레저(주),공기업(준시장형),문화체육관광부,2017년 03월 31일,근신,임직원 행동강령 위반,미고발
23,그랜드코리아레저(주),공기업(준시장형),문화체육관광부,2017년 06월 28일,정직,임직원 행동강령 위반,미고발
24,그랜드코리아레저(주),공기업(준시장형),문화체육관광부,2017년 07월 07일,"
견책
","
임직원 행동강령 위반
","
미고발
"
25,그랜드코리아레저(주),공기업(준시장형),문화체육관광부,2017년 07월 31일,"
정직
","
제규정 위반
","
미고발
"
26,그랜드코리아레저(주),공기업(준시장형),문화체육관광부,2017년 08월 01일,"
근신
","
직무자세 불량 등
","
미고발
"
27,그랜드코리아레저(주),공기업(준시장형),문화체육관광부,2017년 08월 08일,"
감봉 
","
직무자세 불량 등
","
미고발
"
28,그랜드코리아레저(주),공기업(준시장형),문화체육관광부,2017년 08월 08일,"
견책
","
임직원 행동강령 위반
","
미고발
"
29,그랜드코리아레저(주),공기업(준시장형),문화체육관광부,2017년 09월 29일,"
면직
","
부정한 행위
","
고발
"
30,그랜드코리아레저(주),공기업(준시장형),문화체육관광부,2017년 11월 24일,근신,임직원 행동강령 위반,미고발
31,그랜드코리아레저(주),공기업(준시장형),문화체육관광부,2017년 12월 07일,면직,임직원 행동강령 위반 등,고발
32,그랜드코리아레저(주),공기업(준시장형),문화체육관광부,2018년 01월 27일, 근신 ,임직원 행동강령 위반 등,미고발
33,그랜드코리아레저(주),공기업(준시장형),문화체육관광부,2018년 01월 27일, 근신 ,임직원 행동강령 위반 등,미고발
34,그랜드코리아레저(주),공기업(준시장형),문화체육관광부,2018년 01월 27일,감봉,임직원 행동강령 위반 등,미고발
35,그랜드코리아레저(주),공기업(준시장형),문화체육관광부,2018년 01월 31일,면직,임직원 행동강령 위반 등,미고발
36,그랜드코리아레저(주),공기업(준시장형),문화체육관광부,2018년 01월 31일,면직,임직원 행동강령 위반 등,미고발
37,그랜드코리아레저(주),공기업(준시장형),문화체육관광부,2018년 01월 31일,정직,임직원 행동강령 위반 등,미고발
38,그랜드코리아레저(주),공기업(준시장형),문화체육관광부,2018년 01월 31일,감봉,임직원 행동강령 위반 등,미고발
39,그랜드코리아레저(주),공기업(준시장형),문화체육관광부,2018년 01월 31일,정직,임직원 행동강령 위반 등,미고발
40,그랜드코리아레저(주),공기업(준시장형),문화체육관광부,2018년 01월 31일,정직,임직원 행동강령 위반 등,미고발
41,그랜드코리아레저(주),공기업(준시장형),문화체육관광부,2018년 02월 08일,근신,금전 수수,미고발
42,그랜드코리아레저(주),공기업(준시장형),문화체육관광부,2018년 03월 21일,정직,직장질서 문란 등,미고발
43,그랜드코리아레저(주),공기업(준시장형),문화체육관광부,2018년 04월 27일,면직,부정한 행위,고발
44,그랜드코리아레저(주),공기업(준시장형),문화체육관광부,2018년 04월 27일,견책,직무자세 불량 등,미고발
45,그랜드코리아레저(주),공기업(준시장형),문화체육관광부,2018년 04월 27일,감봉,임직원 행동강령 위반 등,미고발
46,그랜드코리아레저(주),공기업(준시장형),문화체육관광부,2018년 04월 27일,감봉,임직원 행동강령 위반 등,미고발
47,그랜드코리아레저(주),공기업(준시장형),문화체육관광부,2018년 04월 27일,근신,직장질서 문란 등,미고발
48,그랜드코리아레저(주),공기업(준시장형),문화체육관광부,2018년 04월 27일,견책,직무자세 불량,미고발
49,그랜드코리아레저(주),공기업(준시장형),문화체육관광부,2018년 09월 18일,정직,임직원행동강령 위반 등,미고발
50,그랜드코리아레저(주),공기업(준시장형),문화체육관광부,2018년 10월 05일,면직,직장질서 문란 등,미고발
51,그랜드코리아레저(주),공기업(준시장형),문화체육관광부,2018년 10월 09일,정직,임직원행동강령 위반 ,미고발
52,그랜드코리아레저(주),공기업(준시장형),문화체육관광부,2018년 11월 17일,견책,임직원행동강령 위반 ,미고발
53,그랜드코리아레저(주),공기업(준시장형),문화체육관광부,2019년 01월 22일,견책,임직원행동강령 위반 ,미고발
54,그랜드코리아레저(주),공기업(준시장형),문화체육관광부,2019년 03월 05일,감봉,취업규칙 위반,미고발
55,그랜드코리아레저(주),공기업(준시장형),문화체육관광부,2019년 04월 18일,감봉,임직원행동강령 위반 ,미고발
56,그랜드코리아레저(주),공기업(준시장형),문화체육관광부,2019년 05월 02일,정직,임직원행동강령 위반 ,미고발
57,그랜드코리아레저(주),공기업(준시장형),문화체육관광부,2019년 05월 28일,견책,임직원행동강령 위반 등,미고발
58,그랜드코리아레저(주),공기업(준시장형),문화체육관광부,2019년 05월 28일,견책,임직원행동강령 위반 등,미고발
59,그랜드코리아레저(주),공기업(준시장형),문화체육관광부,2019년 07월 27일,견책,사내 제규정 위반 등,미고발
60,그랜드코리아레저(주),공기업(준시장형),문화체육관광부,2019년 07월 27일,견책,사내 제규정 위반 등,미고발
61,그랜드코리아레저(주),공기업(준시장형),문화체육관광부,2019년 07월 27일,견책,사내 제규정 위반 등,미고발
62,그랜드코리아레저(주),공기업(준시장형),문화체육관광부,2019년 07월 27일,견책,부정한 행위,미고발
63,그랜드코리아레저(주),공기업(준시장형),문화체육관광부,2019년 07월 27일,견책,부정한 행위,미고발
64,그랜드코리아레저(주),공기업(준시장형),문화체육관광부,2019년 07월 27일,견책,부정한 행위,미고발
65,그랜드코리아레저(주),공기업(준시장형),문화체육관광부,2019년 09월 02일,감봉,취업규칙 위반,미고발
66,그랜드코리아레저(주),공기업(준시장형),문화체육관광부,2019년 09월 02일,감봉,취업규칙 위반,미고발
67,그랜드코리아레저(주),공기업(준시장형),문화체육관광부,2019년 09월 09일,면직,임직원 행동강령 위반,미고발
68,그랜드코리아레저(주),공기업(준시장형),문화체육관광부,2019년 09월 10일,견책,임직원 행동강령 위반,미고발
69,그랜드코리아레저(주),공기업(준시장형),문화체육관광부,2019년 09월 10일,견책,임직원 행동강령 위반,미고발
70,그랜드코리아레저(주),공기업(준시장형),문화체육관광부,2019년 09월 10일,견책,임직원 행동강령 위반,미고발
71,그랜드코리아레저(주),공기업(준시장형),문화체육관광부,2019년 10월 08일,정직,임직원 행동강령 위반,미고발
72,그랜드코리아레저(주),공기업(준시장형),문화체육관광부,2019년 11월 04일,정직,임직원 행동강령 위반,미고발
73,그랜드코리아레저(주),공기업(준시장형),문화체육관광부,2019년 11월 15일,면직,임직원 행동강령 위반 등,미고발
74,그랜드코리아레저(주),공기업(준시장형),문화체육관광부,2020년 01월 07일,견책,임직원 행동강령 위반 등,미고발
75,그랜드코리아레저(주),공기업(준시장형),문화체육관광부,2020년 02월 28일,면직,임직원 행동강령 위반 등,미고발
76,그랜드코리아레저(주),공기업(준시장형),문화체육관광부,2020년 03월 27일,견책,부정한 행위,미고발
77,그랜드코리아레저(주),공기업(준시장형),문화체육관광부,2020년 03월 27일,견책,부정한 행위,미고발
78,그랜드코리아레저(주),공기업(준시장형),문화체육관광부,2020년 05월 26일,견책,임직원 행동강령 위반,미고발
0,# 극지연구소,부설기관(한국해양과학기술원),해양수산부,2020년 07월 02일,-,-,-
0,근로복지공단,준정부기관(기금관리형),고용노동부,2020년 05월 20일,정직2월,"윤리규정(직장내괴롭힘금지), 품위유지의무위반",미고발
1,근로복지공단,준정부기관(기금관리형),고용노동부,2020년 06월 10일,파면,"복무규정, 임직원행동강령, 윤리규정위반(금품수수)",고발
2,근로복지공단,준정부기관(기금관리형),고용노동부,2020년 06월 17일,견책,"윤리규정, 임직원행동강령 및 복무규정 위반",미고발
0,기술보증기금,준정부기관(기금관리형),중소벤처기업부,2020년 06월 30일,-,-,-
0,기초과학연구원,기타공공기관,과학기술정보통신부,2016년 09월 26일,견책,중이온가속기 시제품 성능검증 업무 부적정,미고발
1,기초과학연구원,기타공공기관,과학기술정보통신부,2016년 09월 26일,견책,중이온가속기 시제품 성능검증 업무 부적정,미고발
2,기초과학연구원,기타공공기관,과학기술정보통신부,2016년 09월 26일,견책,중이온가속기 시제품 성능검증 업무 부적정,미고발
3,기초과학연구원,기타공공기관,과학기술정보통신부,2016년 09월 26일,견책,소액 직접구매 운영 관리 및 허위 증빙 처리 부적정,미고발
4,기초과학연구원,기타공공기관,과학기술정보통신부,2016년 12월 01일,해임,특정 업체와 불공정 거래 등 업무 부당 처리,미고발
5,기초과학연구원,기타공공기관,과학기술정보통신부,2016년 12월 01일,견책,특정 업체와 불공정 거래 등 업무 부당 처리,미고발
6,기초과학연구원,기타공공기관,과학기술정보통신부,2017년 04월 27일,감봉1월,계약업무절차 위반 및 허위문서 작성·보고 부적정,미고발
7,기초과학연구원,기타공공기관,과학기술정보통신부,2017년 04월 27일,견책,계약업무절차 위반,미고발
8,기초과학연구원,기타공공기관,과학기술정보통신부,2017년 10월 25일,해임,임직원 행동강령 및 복무규칙 미준수,고발
9,기초과학연구원,기타공공기관,과학기술정보통신부,2017년 12월 13일,감봉3월,품위유지의무 위반,미고발
10,기초과학연구원,기타공공기관,과학기술정보통신부,2019년 02월 21일,견책,"임직원 행동강령, 연구단 운영규칙 등 위반",미고발
11,기초과학연구원,기타공공기관,과학기술정보통신부,2019년 12월 18일,감봉1월,연구개발비 편취 등 관여,미고발
12,기초과학연구원,기타공공기관,과학기술정보통신부,2019년 12월 18일,견책,연구개발비 편취 등 관여,미고발
13,기초과학연구원,기타공공기관,과학기술정보통신부,2019년 12월 18일,견책,연구개발비 편취 등 관여,미고발
14,기초과학연구원,기타공공기관,과학기술정보통신부,2019년 12월 18일,견책,도로교통법 위반,미고발
15,기초과학연구원,기타공공기관,과학기술정보통신부,2020년 02월 12일,해임,연구개발비 편취 등,고발
0,# 나노종합기술원,부설기관(한국과학기술원),과학기술정보통신부,2018년 04월 23일,견책,채용민원 특별감사 처분요구에 따른 징계(직원채용전형요령의 제척제도 위반),미고발
0,노사발전재단,기타공공기관,고용노동부,2016년 12월 16일,정직1월,업무추진비 부적정 집행,미고발
1,노사발전재단,기타공공기관,고용노동부,2016년 12월 16일,감봉1월,업무추진비 부적정 집행,미고발
2,노사발전재단,기타공공기관,고용노동부,2017년 07월 05일,감봉1월,"
법인 임원 변경 등기 부실
",미고발
3,노사발전재단,기타공공기관,고용노동부,2017년 07월 05일,견책,"
법인 임원 변경 등기 부실
",미고발
4,노사발전재단,기타공공기관,고용노동부,2017년 07월 05일,"
정직3월
","
고객정보 유출
",미고발
5,노사발전재단,기타공공기관,고용노동부,2017년 07월 05일,"
감봉1월
","
고객정보 유출
",미고발
6,노사발전재단,기타공공기관,고용노동부,2017년 09월 27일,"
견책
","사업관리,개발검수 소홀",미고발
7,노사발전재단,기타공공기관,고용노동부,2018년 02월 02일,파면,"
품위유지, 성희롱, 업무추진비 유용
",고발
8,노사발전재단,기타공공기관,고용노동부,2018년 02월 02일,정직1월,"품위유지, 성희롱, 성실의무 위반",미고발
9,노사발전재단,기타공공기관,고용노동부,2018년 02월 02일,정직1월,"
업무추진비 유용
",고발
10,노사발전재단,기타공공기관,고용노동부,2018년 02월 02일,감봉2월,"
성실의무 회계질서 문란 
",고발
11,노사발전재단,기타공공기관,고용노동부,2018년 04월 12일,감봉1월,출장비 부정수급 등 위반 관련 비위행위,미고발
12,노사발전재단,기타공공기관,고용노동부,2018년 04월 12일,감봉1월,출장비 부정수급 등 위반 관련 비위행위,미고발
13,노사발전재단,기타공공기관,고용노동부,2018년 04월 12일,감봉1월,출장비 부정수급 등 위반 관련 비위행위,미고발
14,노사발전재단,기타공공기관,고용노동부,2018년 04월 12일,감봉1월,출장비 부정수급 등 위반 관련 비위행위,미고발
15,노사발전재단,기타공공기관,고용노동부,2018년 04월 12일,감봉1월,출장비 부정수급 등 위반 관련 비위행위,미고발
16,노사발전재단,기타공공기관,고용노동부,2018년 04월 12일,감봉1월,출장비 부정수급 등 위반 관련 비위행위,미고발
17,노사발전재단,기타공공기관,고용노동부,2018년 04월 12일,감봉1월,출장비 부정수급 등 위반 관련 비위행위,미고발
18,노사발전재단,기타공공기관,고용노동부,2018년 04월 12일,견책,비위행위 관리감독 소홀,미고발
19,노사발전재단,기타공공기관,고용노동부,2018년 04월 12일,견책,출장비 부정수급 등 위반 관련 비위행위,미고발
20,노사발전재단,기타공공기관,고용노동부,2018년 04월 12일,견책,출장비 부정수급 등 위반 관련 비위행위,미고발
21,노사발전재단,기타공공기관,고용노동부,2018년 04월 12일,견책,출장비 부정수급 등 위반 관련 비위행위,미고발
22,노사발전재단,기타공공기관,고용노동부,2018년 04월 12일,견책,출장비 부정수급 등 위반 관련 비위행위,미고발
23,노사발전재단,기타공공기관,고용노동부,2018년 04월 12일,견책,출장비 부정수급 등 위반 관련 비위행위,미고발
24,노사발전재단,기타공공기관,고용노동부,2018년 04월 12일,견책,출장비 부정수급 등 위반 관련 비위행위,미고발
25,노사발전재단,기타공공기관,고용노동부,2018년 04월 12일,견책,출장비 부정수급 등 위반 관련 비위행위,미고발
26,노사발전재단,기타공공기관,고용노동부,2018년 07월 30일,감봉1월,비위행위 관리감독 소홀,미고발
27,노사발전재단,기타공공기관,고용노동부,2018년 07월 30일,감봉1월,정보보안 위반,미고발
28,노사발전재단,기타공공기관,고용노동부,2018년 08월 01일,정직1월,복무규정(폭언) 위반,미고발
29,노사발전재단,기타공공기관,고용노동부,2018년 11월 22일,정직2월,청탁금지법 위반,미고발
30,노사발전재단,기타공공기관,고용노동부,2018년 11월 22일,감봉1월,"품위유지, 성희롱, 회계질서 문란",미고발
31,노사발전재단,기타공공기관,고용노동부,2019년 04월 17일,견책,출장비 부정수급,미고발
32,노사발전재단,기타공공기관,고용노동부,2019년 06월 24일,정직1월,성희롱 및 품행부적절,미고발
33,노사발전재단,기타공공기관,고용노동부,2019년 06월 24일,감봉2월,성실의무(회계질서 문란) 위반 및 업무추진비 유용,미고발
34,노사발전재단,기타공공기관,고용노동부,2019년 06월 24일,정직1월,갑질행위 및 업무추진비 유용,미고발
35,노사발전재단,기타공공기관,고용노동부,2020년 01월 17일,감봉1월,정보보안 위반,미고발
36,노사발전재단,기타공공기관,고용노동부,2020년 03월 09일,정직3월,임직원 행동강령 등 제규정 위반,미고발
0,농림수산식품교육문화정보원,준정부기관(위탁집행형),농림축산식품부,2016년 12월 21일,감봉 2월,품위유지의 의무 위반,미고발
1,농림수산식품교육문화정보원,준정부기관(위탁집행형),농림축산식품부,2017년 04월 20일,감봉 1월,"복무규정 제3조, 기획재정부 계약예규 제11조 위반",미고발
2,농림수산식품교육문화정보원,준정부기관(위탁집행형),농림축산식품부,2017년 04월 20일,감봉 3월,"복무규정 제3조,위임전결규칙 제3조 등 위반",미고발
3,농림수산식품교육문화정보원,준정부기관(위탁집행형),농림축산식품부,2018년 01월 18일,견책,복무규정 제3조 위반,미고발
4,농림수산식품교육문화정보원,준정부기관(위탁집행형),농림축산식품부,2018년 01월 18일,견책,복무규정 제3조 위반,미고발
5,농림수산식품교육문화정보원,준정부기관(위탁집행형),농림축산식품부,2019년 05월 24일,해임,복무규정 등 제규정 위반,미고발
6,농림수산식품교육문화정보원,준정부기관(위탁집행형),농림축산식품부,2019년 07월 18일,견책,복무규정 제3조 위반,미고발
7,농림수산식품교육문화정보원,준정부기관(위탁집행형),농림축산식품부,2019년 07월 18일,견책,복무규정 제3조 위반,미고발
0,농업기술실용화재단,준정부기관(위탁집행형),농촌진흥청,2020년 05월 01일,감봉,과실로 회사 손실발생,미고발
1,농업기술실용화재단,준정부기관(위탁집행형),농촌진흥청,2020년 05월 01일,견책,과실로 회사 손실발생,미고발
0,농업정책보험금융원,기타공공기관,농림축산식품부,2019년 08월 29일,징계해직,법령 및 취업규칙 위반,고발
0,대구경북과학기술원,기타공공기관,과학기술정보통신부,2016년 12월 30일,정직,임직원 행동강령 제7조 위반,고발
1,대구경북과학기술원,기타공공기관,과학기술정보통신부,2016년 12월 30일,견책,임직원 행동강령 제15조 위반,미고발
2,대구경북과학기술원,기타공공기관,과학기술정보통신부,2016년 12월 30일,견책,임직원 행동강령 제7조 위반,미고발
3,대구경북과학기술원,기타공공기관,과학기술정보통신부,2018년 12월 31일,견책,직원인사규정 제55조 위반,징계처분취소
4,대구경북과학기술원,기타공공기관,과학기술정보통신부,2018년 12월 31일,견책,직원인사규정 제55조 위반,미고발
5,대구경북과학기술원,기타공공기관,과학기술정보통신부,2019년 02월 02일,견책,교원인사규정 제25조(직책완수의 의무) 및 제27조(품위유지의 의무) 위반,미고발
6,대구경북과학기술원,기타공공기관,과학기술정보통신부,2019년 03월 01일,견책,교원인사규정 제25조(직책완수의 의무) 위반,미고발
7,대구경북과학기술원,기타공공기관,과학기술정보통신부,2019년 03월 13일,정직,직원인사규정 제57조 및 연구비관리지침 위반,미고발
8,대구경북과학기술원,기타공공기관,과학기술정보통신부,2019년 12월 11일,견책,부패행위자신고및신고자보흐등에관한규정 제10조(신분비밀보장) 위반,미고발
0,대구경북첨단의료산업진흥재단,기타공공기관,보건복지부,2016년 11월 03일,견책,관용차량 이용 부적정(임직원 행동강령 위반),미고발
1,대구경북첨단의료산업진흥재단,기타공공기관,보건복지부,2016년 11월 23일,감봉,복무규정 위반,미고발
2,대구경북첨단의료산업진흥재단,기타공공기관,보건복지부,2018년 02월 23일,견책,직원채용업무 부적정,미고발
0,대외경제정책연구원,기타공공기관,국무조정실,2019년 11월 04일,견책,대외활동 및 겸직에 대한 관리·감독 부적정,미고발
1,대외경제정책연구원,기타공공기관,국무조정실,2019년 11월 04일,견책,대외활동 및 겸직에 대한 관리·감독 부적정,미고발
2,대외경제정책연구원,기타공공기관,국무조정실,2019년 11월 04일,견책,대외활동 및 겸직에 대한 관리·감독 부적정,미고발
0,대한무역투자진흥공사,준정부기관(위탁집행형),산업통상자원부,2020년 05월 20일,감봉 3월,"복무규정, 인권윤리경영실천규정, KOTRA 임직원행동강령 등 위반",미고발
0,대한법률구조공단,기타공공기관,법무부,2020년 04월 20일,견책,직무상의무위반,미고발
1,대한법률구조공단,기타공공기관,법무부,2020년 05월 08일,견책,직무상의무위반,미고발
0,대한석탄공사,공기업(준시장형),산업통상자원부,2020년 05월 13일,감봉1/2,규정위반,미고발
1,대한석탄공사,공기업(준시장형),산업통상자원부,2020년 05월 13일,감봉1/2,규정위반,미고발
2,대한석탄공사,공기업(준시장형),산업통상자원부,2020년 05월 13일,감봉1/2,규정위반,미고발
3,대한석탄공사,공기업(준시장형),산업통상자원부,2020년 06월 09일,면직,규정위반,미고발
0,대한장애인체육회,기타공공기관,문화체육관광부,2017년 04월 07일,감봉,"성실의무, 직장이탈금지, 청렴의 의무 위반",미고발
1,대한장애인체육회,기타공공기관,문화체육관광부,2018년 06월 25일,견책,직장 이탈금지 위반,미고발
0,대한적십자사,기타공공기관,보건복지부,2016년 11월 24일,견    책,성실의무 위반,미고발
1,대한적십자사,기타공공기관,보건복지부,2016년 11월 24일,견    책,성실의무 위반,미고발
2,대한적십자사,기타공공기관,보건복지부,2016년 11월 24일,견    책,성실의무 위반,미고발
3,대한적십자사,기타공공기관,보건복지부,2016년 12월 01일,감봉 6월,품위유지의 의무 위반,미고발
4,대한적십자사,기타공공기관,보건복지부,2016년 12월 01일,견    책,성실의무 위반,미고발
5,대한적십자사,기타공공기관,보건복지부,2016년 12월 09일,감봉 3월,품위유지의 의무 위반,미고발
6,대한적십자사,기타공공기관,보건복지부,2016년 12월 15일,해임,성실의무 위반,미고발
7,대한적십자사,기타공공기관,보건복지부,2016년 12월 15일,견    책,성실의무 위반,미고발
8,대한적십자사,기타공공기관,보건복지부,2016년 12월 15일,감봉 6월,청렴의 의무 위반,미고발
9,대한적십자사,기타공공기관,보건복지부,2016년 12월 21일,견    책,성실의무 위반,미고발
10,대한적십자사,기타공공기관,보건복지부,2016년 11월 24일,견책,성실의무 위반,미고발
11,대한적십자사,기타공공기관,보건복지부,2016년 11월 24일,견책,성실의무 위반,미고발
12,대한적십자사,기타공공기관,보건복지부,2016년 11월 24일,견책,성실의무 위반,미고발
13,대한적십자사,기타공공기관,보건복지부,2016년 11월 24일,견책,성실의무 위반,미고발
14,대한적십자사,기타공공기관,보건복지부,2016년 12월 01일,감봉 6월,품위유지의 의무 위반,미고발
15,대한적십자사,기타공공기관,보건복지부,2016년 12월 01일,견책,성실의무 위반,미고발
16,대한적십자사,기타공공기관,보건복지부,2016년 12월 09일,감봉3월,품위유지의 의무 위반,미고발
17,대한적십자사,기타공공기관,보건복지부,2016년 12월 15일,감봉6월,청렴의 의무 위반,미고발
18,대한적십자사,기타공공기관,보건복지부,2016년 12월 15일,견책,성실의무 위반,미고발
19,대한적십자사,기타공공기관,보건복지부,2016년 12월 21일,견책,성실의무 위반,미고발
20,대한적십자사,기타공공기관,보건복지부,2016년 12월 31일,해임,성실의무 위반,미고발
21,대한적십자사,기타공공기관,보건복지부,2016년 12월 31일,견책,성실의무 위반,미고발
22,대한적십자사,기타공공기관,보건복지부,2017년 01월 11일,견책,품위유지의 의무 위반,미고발
23,대한적십자사,기타공공기관,보건복지부,2017년 01월 11일,견책,성실의무 위반,미고발
24,대한적십자사,기타공공기관,보건복지부,2017년 01월 16일,견책,성실의무 위반,미고발
25,대한적십자사,기타공공기관,보건복지부,2017년 01월 19일,견책,성실의무 위반,미고발
26,대한적십자사,기타공공기관,보건복지부,2017년 01월 19일,견책,성실의무 위반,미고발
27,대한적십자사,기타공공기관,보건복지부,2017년 01월 19일,견책,성실의무 위반,미고발
28,대한적십자사,기타공공기관,보건복지부,2017년 03월 21일,견책,성실의무 위반,미고발
29,대한적십자사,기타공공기관,보건복지부,2017년 04월 01일,견책,품위유지의 의무 위반,미고발
30,대한적십자사,기타공공기관,보건복지부,2017년 05월 22일,정직1월,성실의무 위반,미고발
31,대한적십자사,기타공공기관,보건복지부,2017년 05월 22일,정직1월,성실의무 위반,미고발
32,대한적십자사,기타공공기관,보건복지부,2017년 06월 01일,감봉1월,성실의무 위반,미고발
33,대한적십자사,기타공공기관,보건복지부,2017년 06월 05일,감봉3월,성실의무 위반,미고발
34,대한적십자사,기타공공기관,보건복지부,2017년 06월 05일,감봉6월,성실의무 위반,미고발
35,대한적십자사,기타공공기관,보건복지부,2017년 06월 05일,감봉6월,품위유지의 의무 위반,미고발
36,대한적십자사,기타공공기관,보건복지부,2017년 06월 21일,견책,품위유지의 의무 위반,미고발
37,대한적십자사,기타공공기관,보건복지부,2017년 07월 31일,감봉1월,성실의무 위반,미고발
38,대한적십자사,기타공공기관,보건복지부,2017년 07월 31일,감봉6월,성실의무 위반,미고발
39,대한적십자사,기타공공기관,보건복지부,2017년 07월 31일,감봉6월,성실의무 위반,미고발
40,대한적십자사,기타공공기관,보건복지부,2017년 08월 21일,강등,성실의무 위반,미고발
41,대한적십자사,기타공공기관,보건복지부,2017년 08월 21일,감봉1월,품위유지의 의무 위반,미고발
42,대한적십자사,기타공공기관,보건복지부,2017년 08월 25일,감봉3월,품위유지의 의무 위반,미고발
43,대한적십자사,기타공공기관,보건복지부,2017년 09월 01일,감봉1월,성실의무 위반,미고발
44,대한적십자사,기타공공기관,보건복지부,2017년 09월 08일,감봉6월,성실의무 위반,미고발
45,대한적십자사,기타공공기관,보건복지부,2017년 09월 08일,견책,성실의무 위반,미고발
46,대한적십자사,기타공공기관,보건복지부,2017년 09월 20일,파면,청렴의 의무 위반,미고발
47,대한적십자사,기타공공기관,보건복지부,2017년 09월 20일,해임,청렴의 의무 위반,고발
48,대한적십자사,기타공공기관,보건복지부,2017년 09월 25일,정직3월,품위유지의 의무 위반,미고발
49,대한적십자사,기타공공기관,보건복지부,2017년 09월 28일,감봉1월,성실의무 위반,미고발
50,대한적십자사,기타공공기관,보건복지부,2017년 11월 21일,정직3월,성실의무 위반,미고발
51,대한적십자사,기타공공기관,보건복지부,2017년 11월 21일,감봉3월,품위유지의 의무 위반,미고발
52,대한적십자사,기타공공기관,보건복지부,2017년 11월 21일,견책,성실의무 위반,미고발
53,대한적십자사,기타공공기관,보건복지부,2017년 12월 08일,감봉3월,성실의무 위반,미고발
54,대한적십자사,기타공공기관,보건복지부,2017년 12월 08일,견책,성실의무 위반,미고발
55,대한적십자사,기타공공기관,보건복지부,2017년 12월 16일,해임,품위유지의 의무 위반,미고발
56,대한적십자사,기타공공기관,보건복지부,2017년 12월 20일,정직1월,성실의무 위반,미고발
57,대한적십자사,기타공공기관,보건복지부,2017년 12월 26일,견책,품위유지의 의무 위반,미고발
58,대한적십자사,기타공공기관,보건복지부,2017년 12월 29일,견책,성실의무 위반,미고발
59,대한적십자사,기타공공기관,보건복지부,2017년 12월 29일,견책,성실의무 위반,미고발
60,대한적십자사,기타공공기관,보건복지부,2017년 12월 29일,견책,성실의무 위반,미고발
61,대한적십자사,기타공공기관,보건복지부,2018년 01월 05일,감봉6월,품위유지의 의무 위반,미고발
62,대한적십자사,기타공공기관,보건복지부,2018년 01월 19일,해임,품위유지의 의무 위반,미고발
63,대한적십자사,기타공공기관,보건복지부,2018년 02월 12일,견책,성실의무 위반,미고발
64,대한적십자사,기타공공기관,보건복지부,2018년 02월 20일,견책,성실의무 위반,미고발
65,대한적십자사,기타공공기관,보건복지부,2018년 03월 16일,정직3월,성실의무 위반,미고발
66,대한적십자사,기타공공기관,보건복지부,2018년 03월 29일,해임,품위유지의 의무 위반,미고발
67,대한적십자사,기타공공기관,보건복지부,2018년 03월 29일,감봉6월,성실의무 위반,미고발
68,대한적십자사,기타공공기관,보건복지부,2018년 03월 29일,감봉6월,성실의무 위반,미고발
69,대한적십자사,기타공공기관,보건복지부,2018년 03월 30일,감봉3월,품위유지의 의무 위반,미고발
70,대한적십자사,기타공공기관,보건복지부,2018년 03월 30일,견책,봉사와 친절의 의무 위반,미고발
71,대한적십자사,기타공공기관,보건복지부,2018년 04월 10일,정직2월,성실의무 위반,미고발
72,대한적십자사,기타공공기관,보건복지부,2018년 04월 30일,견책,품위유지의 의무 위반,미고발
73,대한적십자사,기타공공기관,보건복지부,2018년 05월 03일,감봉6월,품위유지의 의무 위반,미고발
74,대한적십자사,기타공공기관,보건복지부,2018년 05월 05일,정직3월,성실의무 위반,미고발
75,대한적십자사,기타공공기관,보건복지부,2018년 05월 15일,정직3월,품위유지의 의무 위반,미고발
76,대한적십자사,기타공공기관,보건복지부,2018년 05월 21일,감봉1월,품위유지의 의무 위반,미고발
77,대한적십자사,기타공공기관,보건복지부,2018년 05월 21일,견책,품위유지의 의무 위반,미고발
78,대한적십자사,기타공공기관,보건복지부,2018년 06월 14일,감봉3월,품위유지의 의무 위반,미고발
79,대한적십자사,기타공공기관,보건복지부,2018년 06월 22일,해임,품위유지의 의무 위반,미고발
80,대한적십자사,기타공공기관,보건복지부,2018년 07월 01일,감봉3월,품위유지의 의무 위반,미고발
81,대한적십자사,기타공공기관,보건복지부,2018년 07월 01일,감봉1월,성실의무 위반,미고발
82,대한적십자사,기타공공기관,보건복지부,2018년 07월 01일,강등,성실의무 위반,미고발
83,대한적십자사,기타공공기관,보건복지부,2018년 08월 20일,해임,성실의무 위반,고발
84,대한적십자사,기타공공기관,보건복지부,2018년 08월 20일,강등,성실의무 위반,고발
85,대한적십자사,기타공공기관,보건복지부,2018년 08월 20일,정직2월,성실의무 위반,미고발
86,대한적십자사,기타공공기관,보건복지부,2018년 09월 21일,감봉3월,품위유지의 의무 위반,미고발
87,대한적십자사,기타공공기관,보건복지부,2018년 10월 05일,감봉1월,성실의무 위반,미고발
88,대한적십자사,기타공공기관,보건복지부,2018년 10월 05일,견책,성실의무 위반,미고발
89,대한적십자사,기타공공기관,보건복지부,2018년 10월 30일,견책,성실의무 위반,미고발
90,대한적십자사,기타공공기관,보건복지부,2018년 10월 30일,견책,성실의무 위반,미고발
91,대한적십자사,기타공공기관,보건복지부,2019년 01월 30일,견    책,성실의무 위반,미고발
92,대한적십자사,기타공공기관,보건복지부,2019년 02월 11일,정직 1월,성실의무 위반,미고발
93,대한적십자사,기타공공기관,보건복지부,2019년 02월 11일,정직 3월,성실의무 위반,미고발
94,대한적십자사,기타공공기관,보건복지부,2019년 02월 11일,정직 3월,성실의무 위반,미고발
95,대한적십자사,기타공공기관,보건복지부,2019년 02월 11일,감봉 6월,성실의무 위반,미고발
96,대한적십자사,기타공공기관,보건복지부,2019년 03월 22일,정직 3월,성실의무 위반,미고발
97,대한적십자사,기타공공기관,보건복지부,2019년 04월 25일,견책,성실의무 위반,미고발
98,대한적십자사,기타공공기관,보건복지부,2019년 05월 28일,견책,품위유지의 의무 위반,미고발
99,대한적십자사,기타공공기관,보건복지부,2019년 04월 17일,견책,영리업무 및 겸직금지,미고발
100,대한적십자사,기타공공기관,보건복지부,2019년 07월 11일,정직 1월,성실의 의무 위반,미고발
101,대한적십자사,기타공공기관,보건복지부,2019년 08월 09일,견책,품위유지의 의무 위반,미고발
102,대한적십자사,기타공공기관,보건복지부,2019년 09월 05일,해임,품위유지의 의무 위반,미고발
103,대한적십자사,기타공공기관,보건복지부,2019년 09월 09일,정직 2월,성실의 의무 위반,미고발
104,대한적십자사,기타공공기관,보건복지부,2019년 09월 09일,견책,성실의 의무 위반,미고발
105,대한적십자사,기타공공기관,보건복지부,2019년 09월 30일,견책,품위유지의 의무 위반,미고발
106,대한적십자사,기타공공기관,보건복지부,2019년 11월 07일,견책,품위유지의 의무 위반,미고발
107,대한적십자사,기타공공기관,보건복지부,2020년 01월 23일,감봉 3월,성실의 의무 위반,미고발
108,대한적십자사,기타공공기관,보건복지부,2020년 03월 01일,감봉 3월,품위유지의 의무 위반,미고발
109,대한적십자사,기타공공기관,보건복지부,2020년 03월 31일,파면,품위유지의 의무 위반,미고발
110,대한적십자사,기타공공기관,보건복지부,2020년 04월 17일,견책,성실의 의무 위반,미고발
111,대한적십자사,기타공공기관,보건복지부,2020년 04월 17일,견책,성실의 의무 위반,미고발
112,대한적십자사,기타공공기관,보건복지부,2020년 06월 11일,견책,성실의 의무 위반,미고발
0,대한체육회,기타공공기관,문화체육관광부,2016년 10월 19일,견책,성실의 의무 위반,미고발
1,대한체육회,기타공공기관,문화체육관광부,2016년 10월 19일,견책,성실의 의무 위반,미고발
2,대한체육회,기타공공기관,문화체육관광부,2017년 08월 10일,"
감봉3월
","
비밀엄수의 의무 위반
","
미고발
"
3,대한체육회,기타공공기관,문화체육관광부,2018년 07월 16일,"
견책
","
성실의 의무 위반
","
미고발
"
4,대한체육회,기타공공기관,문화체육관광부,2019년 01월 14일,"
견책
","
성실의 의무 위반
","
미고발
"
5,대한체육회,기타공공기관,문화체육관광부,2019년 01월 14일,"
견책
","
성실의 의무 위반
","
미고발
"
6,대한체육회,기타공공기관,문화체육관광부,2019년 01월 14일,"
견책
","
성실의 의무 위반
","
미고발
"
7,대한체육회,기타공공기관,문화체육관광부,2019년 04월 05일,"
견책
","
성실의 의무 위반
","
미고발
"
8,대한체육회,기타공공기관,문화체육관광부,2019년 05월 02일,"
견책
","
성실의 의무 위반
","
미고발
"
9,대한체육회,기타공공기관,문화체육관광부,2019년 07월 23일,"
정직1월
","
품위유지의무 위반
","
미고발
"
10,대한체육회,기타공공기관,문화체육관광부,2019년 08월 27일,"
감봉1월
","
임직원행동강령 위반
","
미고발
"
11,대한체육회,기타공공기관,문화체육관광부,2019년 12월 04일,"
해임
","
임직원행동강령 위반
","
미고발
"
12,대한체육회,기타공공기관,문화체육관광부,2020년 03월 05일,"
감봉2월
","
성실의 의무, 임직원행동강령 위반
","
미고발
"
13,대한체육회,기타공공기관,문화체육관광부,2020년 03월 05일,"
견책
","
성실의 의무, 임직원행동강령 위반
","
미고발
"
0,도로교통공단,준정부기관(위탁집행형),경찰청,2020년 05월 21일,견책,책임완수 위반,미고발
0,독립기념관,준정부기관(위탁집행형),국가보훈처,2018년 08월 01일,감봉2월,제 규정 및 행동강령 위반,미고발
1,독립기념관,준정부기관(위탁집행형),국가보훈처,2018년 08월 01일,견책,제 규정 및 행정질서 위반,미고발
2,독립기념관,준정부기관(위탁집행형),국가보훈처,2020년 02월 13일,정직1월,제 규정 위반 및 직무 소홀,미고발
3,독립기념관,준정부기관(위탁집행형),국가보훈처,2020년 02월 13일,정직1월,제 규정 위반 및 감독 소홀,미고발
4,독립기념관,준정부기관(위탁집행형),국가보훈처,2020년 02월 13일,감봉2월,제 규정 위반 및 감독 소홀,미고발
0,# 동남권원자력의학원,부설기관(한국원자력의학원),과학기술정보통신부,2016년 10월 31일,파면,마약류관리에관한법률위반,미고발(자수)
1,# 동남권원자력의학원,부설기관(한국원자력의학원),과학기술정보통신부,2016년 11월 20일,파면,성희롱,미고발(경찰인지수사)
2,# 동남권원자력의학원,부설기관(한국원자력의학원),과학기술정보통신부,2016년 12월 19일,정직(3개월),복무관련 비위,미고발
3,# 동남권원자력의학원,부설기관(한국원자력의학원),과학기술정보통신부,2018년 06월 01일,감봉(3개월),소속직원의 허위출장에 대한 관리책임 소홀,미고발
4,# 동남권원자력의학원,부설기관(한국원자력의학원),과학기술정보통신부,2018년 06월 15일,해임,허위출장신청으로 출장비 부당수령,고발
5,# 동남권원자력의학원,부설기관(한국원자력의학원),과학기술정보통신부,2019년 08월 12일,견책,법인카드사용지침 위반,미고발(경찰인지수사)
6,# 동남권원자력의학원,부설기관(한국원자력의학원),과학기술정보통신부,2019년 12월 01일,강등(5년),성희롱,미고발(피해자고발)
0,동북아역사재단,기타공공기관,교육부,2020년 02월 14일,정직3월,"복종의무 위반, 성실의무 위반",-
1,동북아역사재단,기타공공기관,교육부,2019년 07월 24일,감봉5월,"복무규정 위반, 취업규칙 위반, 복종의무 위반",-
0,부산대학교병원,기타공공기관,교육부,2016년 12월 01일,견책,성실의무위반,미고발
1,부산대학교병원,기타공공기관,교육부,2016년 12월 01일,견책,성실의무 및 품위유지 위반,미고발
2,부산대학교병원,기타공공기관,교육부,2017년 01월 19일,해임,성실의무 및 품위유지 위반,미고발
3,부산대학교병원,기타공공기관,교육부,2017년 03월 01일,감봉,복무질서 위반,미고발
4,부산대학교병원,기타공공기관,교육부,2017년 06월 01일,해임,성실의무 및 품위유지 위반,미고발
5,부산대학교병원,기타공공기관,교육부,2017년 06월 01일,견책,복무원칙 위반,미고발
6,부산대학교병원,기타공공기관,교육부,2017년 08월 08일,정직,"성실, 직무태만 및 회계질서문란",미고발
7,부산대학교병원,기타공공기관,교육부,2017년 12월 01일,정직,품위유지 위반,미고발
8,부산대학교병원,기타공공기관,교육부,2017년 12월 01일,감봉,성실의무 및 청렴의무 위반,미고발
9,부산대학교병원,기타공공기관,교육부,2017년 12월 01일,감봉,품위유지 위반,미고발
10,부산대학교병원,기타공공기관,교육부,2018년 02월 01일,정직,품위유지 위반,미고발
11,부산대학교병원,기타공공기관,교육부,2018년 03월 15일,정직,성실의무 및 품위유지 위반,미고발
12,부산대학교병원,기타공공기관,교육부,2018년 05월 04일,정직,품위유지 위반,미고발
13,부산대학교병원,기타공공기관,교육부,2018년 06월 01일,정직,품위유지 위반,미고발
14,부산대학교병원,기타공공기관,교육부,2018년 12월 15일,견책,성실의무 및 품위유지 위반,미고발
15,부산대학교병원,기타공공기관,교육부,2018년 12월 31일,해임,성실의무 및 품위유지 위반,미고발
16,부산대학교병원,기타공공기관,교육부,2019년 02월 26일,정직,성실의무 및 품위유지 위반,미고발
17,부산대학교병원,기타공공기관,교육부,2019년 03월 28일,감봉,성실의무 및 품위유지 위반,미고발
18,부산대학교병원,기타공공기관,교육부,2019년 03월 28일,견책,성실의무 위반,미고발
19,부산대학교병원,기타공공기관,교육부,2019년 07월 31일,정직,성실의무 및 친절/공정의무 위반,미고발
20,부산대학교병원,기타공공기관,교육부,2020년 01월 30일,감봉,성실의무 위반,미고발
21,부산대학교병원,기타공공기관,교육부,2020년 01월 30일,견책,성실의무 위반,미고발
0,부산대학교치과병원,기타공공기관,교육부,2018년 11월 29일,감봉,소속 부서원에게 업무와 관련하여 과도한 지적 및 괴롭힘,미고발
0,부산항만공사,공기업(시장형),해양수산부,2017년 05월 18일,감봉,성실의무 및 청렴의무 위반,미고발
1,부산항만공사,공기업(시장형),해양수산부,2017년 11월 08일,해임,"공사 명예 및 재산상 손해, 청렴의무 위반",미고발
0,북한이탈주민지원재단,기타공공기관,통일부,2016년 11월 02일,감봉 3개월,"재단의 정관 및 제규정 위반, 직무태만",미고발
1,북한이탈주민지원재단,기타공공기관,통일부,2017년 08월 25일,감봉 3개월,재단의 정관 및 제규정 위반,미고발
2,북한이탈주민지원재단,기타공공기관,통일부,2018년 03월 02일,감봉 3개월,"재단의 정관 및 제규정 위반, 직무태만",미고발
3,북한이탈주민지원재단,기타공공기관,통일부,2018년 08월 10일,감봉 3개월,"재단의 정관 및 제규정 위반, 직무태만",미고발
4,북한이탈주민지원재단,기타공공기관,통일부,2018년 09월 20일,정직 1개월,"재단의 정관 및 제규정 위반, 직무태만",미고발
5,북한이탈주민지원재단,기타공공기관,통일부,2019년 01월 31일,감봉 3개월,재단의 정관 및 제규정 위반,미고발
6,북한이탈주민지원재단,기타공공기관,통일부,2019년 10월 08일,감봉 1개월,"재단의 정관 및 제규정 위반, 재단의 명예 또는 위신 손상",미고발
7,북한이탈주민지원재단,기타공공기관,통일부,2019년 10월 08일,감봉 3개월,"재단의 정관 및 제규정 위반, 재단의 명예 또는 위신 손상",미고발
8,북한이탈주민지원재단,기타공공기관,통일부,2019년 10월 08일,견책,"재단의 정관 및 제규정 위반, 재단의 명예 또는 위신 손상",미고발
9,북한이탈주민지원재단,기타공공기관,통일부,2020년 01월 13일,정직 1개월,"재단의 정관 및 제규정 위반, 직장질서 문란",미고발
10,북한이탈주민지원재단,기타공공기관,통일부,2020년 04월 02일,정직 1개월,"재단의 정관 및 제규정 위반, 직장질서 문란",미고발
11,북한이탈주민지원재단,기타공공기관,통일부,2020년 04월 02일,견책,"재단의 정관 및 제규정 위반, 직무상의 임무 위반",미고발
0,# 분당서울대학교병원,부설기관(서울대학교병원),교육부,2020년 04월 10일,강등,"법령 및 제규정에 의한 준수사항 위배,복무질서 문란",미고발
0,사립학교교직원연금공단,준정부기관(기금관리형),교육부,2020년 02월 27일,견책,위탁용역사 관리감독 및 회계관리 업무태만,미고발
1,사립학교교직원연금공단,준정부기관(기금관리형),교육부,2017년 12월 28일,정직,2017년도 교육부 종합감사 문책요구,미고발
2,사립학교교직원연금공단,준정부기관(기금관리형),교육부,2017년 12월 28일,견책,2017년도 교육부 종합감사 문책요구,미고발
3,사립학교교직원연금공단,준정부기관(기금관리형),교육부,2017년 08월 30일,견책,도로교통법 위반,미고발
0,산업연구원,기타공공기관,국무조정실,2017년 04월 06일,견책,법인카드 사용 지침 위반,미고발
1,산업연구원,기타공공기관,국무조정실,2017년 04월 06일,견책,법인카드 사용 지침 위반,미고발
2,산업연구원,기타공공기관,국무조정실,2017년 04월 17일,감봉,복무규정 위반,미고발
3,산업연구원,기타공공기관,국무조정실,2018년 11월 29일,감봉,복무규정 위반,미고발
4,산업연구원,기타공공기관,국무조정실,2020년 05월 29일,견책,복무규정 위반,미고발
0,서민금융진흥원,기타공공기관,금융위원회,2017년 09월 05일,견책,임직원 행동강령 및 복무규정 위반,미고발
1,서민금융진흥원,기타공공기관,금융위원회,2018년 03월 23일,주의,직무절차 위반,미고발
2,서민금융진흥원,기타공공기관,금융위원회,2018년 03월 23일,주의,직무절차 위반,미고발
3,서민금융진흥원,기타공공기관,금융위원회,2018년 03월 23일,견책,복무규정 위반,미고발
4,서민금융진흥원,기타공공기관,금융위원회,2019년 05월 31일,견책,임직원 행동강령 위반,미고발
0,서울대학교병원,기타공공기관,교육부,2020년 04월 17일,해임,법령 및 제규정 위반,고발
1,서울대학교병원,기타공공기관,교육부,2020년 04월 17일,견책,복무질서 위반,미고발
2,서울대학교병원,기타공공기관,교육부,2020년 06월 29일,감봉3월,복무질서 위반,미고발
3,서울대학교병원,기타공공기관,교육부,2020년 06월 29일,감봉1월,복무질서 위반,미고발
4,서울대학교병원,기타공공기관,교육부,2020년 06월 29일,해임,복무질서 위반,미고발
0,서울대학교치과병원,기타공공기관,교육부,2016년 12월 22일,감봉 6월,복무규정 및 성실의무 위반,미고발
1,서울대학교치과병원,기타공공기관,교육부,2018년 02월 09일,견책,직원 채용 서류전형 평가 기준 부당 적용,미고발
2,서울대학교치과병원,기타공공기관,교육부,2020년 01월 10일,견책,직무상 의무 태만,미고발
0,서울올림픽기념국민체육진흥공단,준정부기관(기금관리형),문화체육관광부,2017년 01월 16일,감봉,인사규정 126조(성실의무) 위배,미고발
1,서울올림픽기념국민체육진흥공단,준정부기관(기금관리형),문화체육관광부,2017년 01월 16일,견책,인사규정 126조(성실의무) 위배,미고발
2,서울올림픽기념국민체육진흥공단,준정부기관(기금관리형),문화체육관광부,2017년 01월 16일,견책,인사규정 126조(성실의무) 위배,미고발
3,서울올림픽기념국민체육진흥공단,준정부기관(기금관리형),문화체육관광부,2017년 03월 23일,감봉,"인사규정 126조(성실의무),129조(비밀엄수의 의무) 위배",미고발
4,서울올림픽기념국민체육진흥공단,준정부기관(기금관리형),문화체육관광부,2017년 06월 22일,견책,인사규정 126조(성실의무) 위배,미고발
5,서울올림픽기념국민체육진흥공단,준정부기관(기금관리형),문화체육관광부,2017년 12월 22일,감봉,"인사규정 127조(복종의 의무),128조(직장이탈금지) 위배",미고발
6,서울올림픽기념국민체육진흥공단,준정부기관(기금관리형),문화체육관광부,2018년 01월 15일,감봉,"인사규정 126조(성실의무),복무규정 10조(출근), 11조(결근과 지각) 위배",미고발
7,서울올림픽기념국민체육진흥공단,준정부기관(기금관리형),문화체육관광부,2018년 04월 10일,정직,인사규정 130조(청렴의 의무) 위배,미고발
8,서울올림픽기념국민체육진흥공단,준정부기관(기금관리형),문화체육관광부,2018년 08월 16일,정직,인사규정 132조(품위유지의 의무) 위배,미고발
9,서울올림픽기념국민체육진흥공단,준정부기관(기금관리형),문화체육관광부,2018년 12월 05일,견책,인사규정 126조(성실의무) 위배,미고발
10,서울올림픽기념국민체육진흥공단,준정부기관(기금관리형),문화체육관광부,2018년 12월 05일,견책,인사규정 126조(성실의무) 위배,미고발
11,서울올림픽기념국민체육진흥공단,준정부기관(기금관리형),문화체육관광부,2019년 04월 30일,정직,인사규정 126조(성실의무) 위배,미고발
12,서울올림픽기념국민체육진흥공단,준정부기관(기금관리형),문화체육관광부,2019년 04월 30일,견책,"인사규정 126조(성실의무),132조(품위유지의 의무) 위배",미고발
13,서울올림픽기념국민체육진흥공단,준정부기관(기금관리형),문화체육관광부,2019년 12월 03일,파면,"인사규정 126조(성실의무),130조(청렴의 의무) 위배",고발
0,# 선박해양플랜트연구소,부설기관(한국해양과학기술원),해양수산부,2018년 01월 15일,견책,대외활동지침 위반,미고발
1,# 선박해양플랜트연구소,부설기관(한국해양과학기술원),해양수산부,2018년 03월 21일,정직,타업행위 금지 위반 등,미고발
2,# 선박해양플랜트연구소,부설기관(한국해양과학기술원),해양수산부,2018년 03월 21일,근신,타업행위 금지 위반 등,미고발
3,# 선박해양플랜트연구소,부설기관(한국해양과학기술원),해양수산부,2018년 07월 16일,정직,책임완수 의무 위반 등,미고발
4,# 선박해양플랜트연구소,부설기관(한국해양과학기술원),해양수산부,2018년 08월 06일,견책,책임완수 의무 위반 등,미고발
5,# 선박해양플랜트연구소,부설기관(한국해양과학기술원),해양수산부,2018년 08월 06일,견책,책임완수 의무 위반 등,미고발
6,# 선박해양플랜트연구소,부설기관(한국해양과학기술원),해양수산부,2018년 08월 13일,정직,책임완수 의무 위반 등,미고발
7,# 선박해양플랜트연구소,부설기관(한국해양과학기술원),해양수산부,2018년 08월 31일,근신,책임완수 의무 위반 등,미고발
8,# 선박해양플랜트연구소,부설기관(한국해양과학기술원),해양수산부,2018년 10월 04일,근신,책임완수 의무 위반 등,미고발
9,# 선박해양플랜트연구소,부설기관(한국해양과학기술원),해양수산부,2019년 04월 16일,견책,책임완수 의무 위반 등,미고발
10,# 선박해양플랜트연구소,부설기관(한국해양과학기술원),해양수산부,2019년 06월 11일,정직,책임완수 의무 위반 등,미고발
11,# 선박해양플랜트연구소,부설기관(한국해양과학기술원),해양수산부,2019년 06월 11일,감봉,책임완수 의무 위반 등,미고발
12,# 선박해양플랜트연구소,부설기관(한국해양과학기술원),해양수산부,2020년 01월 31일,정직,책임완수 의무 위반 등,고발
13,# 선박해양플랜트연구소,부설기관(한국해양과학기술원),해양수산부,2020년 01월 31일,감봉,책임완수 의무 위반 등,고발
14,# 선박해양플랜트연구소,부설기관(한국해양과학기술원),해양수산부,2020년 01월 31일,감봉,책임완수 의무 위반 등,고발
15,# 선박해양플랜트연구소,부설기관(한국해양과학기술원),해양수산부,2020년 01월 31일,감봉,책임완수 의무 위반 등,고발
16,# 선박해양플랜트연구소,부설기관(한국해양과학기술원),해양수산부,2020년 01월 31일,근신,책임완수 의무 위반 등,고발
0,# 세계김치연구소,부설기관(한국식품연구원),과학기술정보통신부,2020년 04월 17일,감봉,연구윤리 관련 규정 위반,미고발
0,세종학당재단,기타공공기관,문화체육관광부,2017년 07월 19일,강등,규정 위반,미고발
1,세종학당재단,기타공공기관,문화체육관광부,2018년 06월 21일,견책,규정 위반,미고발
2,세종학당재단,기타공공기관,문화체육관광부,2018년 08월 09일,견책,규정 위반,미고발
3,세종학당재단,기타공공기관,문화체육관광부,2018년 09월 04일,해임,규정 위반,미고발
4,세종학당재단,기타공공기관,문화체육관광부,2018년 09월 12일,견책,규정 위반,미고발
5,세종학당재단,기타공공기관,문화체육관광부,2018년 09월 12일,견책,규정 위반,미고발
6,세종학당재단,기타공공기관,문화체육관광부,2019년 07월 26일,해임,규정 위반,미고발
7,세종학당재단,기타공공기관,문화체육관광부,2020년 02월 04일,견책,규정 위반,미고발
0,소상공인시장진흥공단,준정부기관(위탁집행형),중소벤처기업부,2016년 10월 26일,견책,직무상의 의무 위반,미고발
1,소상공인시장진흥공단,준정부기관(위탁집행형),중소벤처기업부,2016년 12월 22일,견책,"기강문란, 공단 기물 손해",미고발
2,소상공인시장진흥공단,준정부기관(위탁집행형),중소벤처기업부,2018년 06월 04일,정직,직무 관련 임직원 향응 수수,미고발
3,소상공인시장진흥공단,준정부기관(위탁집행형),중소벤처기업부,2018년 06월 04일,정직,직무 관련 임직원 향응 수수,미고발
4,소상공인시장진흥공단,준정부기관(위탁집행형),중소벤처기업부,2018년 06월 04일,견책,직무 관련 임직원 향응 수수,미고발
5,소상공인시장진흥공단,준정부기관(위탁집행형),중소벤처기업부,2018년 06월 04일,정직,성추행 등 복무규정 위반,미고발
6,소상공인시장진흥공단,준정부기관(위탁집행형),중소벤처기업부,2009년 01월 11일,견책,임직원 행동강령 위반,미고발
7,소상공인시장진흥공단,준정부기관(위탁집행형),중소벤처기업부,2019년 02월 07일,견책,"여비규정, 취업규칙 위반",미고발
8,소상공인시장진흥공단,준정부기관(위탁집행형),중소벤처기업부,2019년 02월 07일,견책,"여비규정, 취업규칙 위반",미고발
9,소상공인시장진흥공단,준정부기관(위탁집행형),중소벤처기업부,2019년 02월 07일,견책,"여비규정, 취업규칙 위반",미고발
10,소상공인시장진흥공단,준정부기관(위탁집행형),중소벤처기업부,2019년 07월 15일,정직,성추행 등 복무규정 위반,미고발
11,소상공인시장진흥공단,준정부기관(위탁집행형),중소벤처기업부,2019년 08월 13일,정직,성추행 등 복무규정 위반,미고발
12,소상공인시장진흥공단,준정부기관(위탁집행형),중소벤처기업부,2019년 12월 12일,정직,"복무규정, 취업규정 위반",미고발
13,소상공인시장진흥공단,준정부기관(위탁집행형),중소벤처기업부,2020년 03월 06일,감봉,직무상의 의무 위반,미고발
14,소상공인시장진흥공단,준정부기관(위탁집행형),중소벤처기업부,2020년 03월 06일,감봉,직무상의 의무 위반,미고발
15,소상공인시장진흥공단,준정부기관(위탁집행형),중소벤처기업부,2020년 03월 06일,감봉,직무상의 의무 위반,미고발
16,소상공인시장진흥공단,준정부기관(위탁집행형),중소벤처기업부,2020년 03월 06일,견책,직무상의 의무 위반,미고발
17,소상공인시장진흥공단,준정부기관(위탁집행형),중소벤처기업부,2020년 03월 06일,견책,직무상의 의무 위반,미고발
18,소상공인시장진흥공단,준정부기관(위탁집행형),중소벤처기업부,2020년 03월 06일,견책,직무상의 의무 위반,미고발
19,소상공인시장진흥공단,준정부기관(위탁집행형),중소벤처기업부,2020년 06월 01일,견책,여비규정 위반,미고발
0,# 소프트웨어정책연구소,부설기관(정보통신산업진흥원),과학기술정보통신부,2018년 12월 04일,견책,임직원 행동강령 및 준수의무 위반,미고발
0,시청자미디어재단,준정부기관(위탁집행형),방송통신위원회,2018년 06월 07일,해임,재단 제규정 위반,미고발
1,시청자미디어재단,준정부기관(위탁집행형),방송통신위원회,2018년 06월 27일,해임,재단 제규정 위반,미고발
2,시청자미디어재단,준정부기관(위탁집행형),방송통신위원회,2018년 11월 27일,견책,재단 제규정 위반,미고발
0,식품안전정보원,기타공공기관,식품의약품안전처,2016년 12월 28일,정직,국외 출장 시 복무규정 및 여비규정 위반,미고발
0,신용보증기금,준정부기관(기금관리형),금융위원회,2020년 05월 19일,정직,취업규칙 및 임직원행동강령 위반,미고발
1,신용보증기금,준정부기관(기금관리형),금융위원회,2020년 05월 20일,면직,취업규칙 및 임직원행동강령 위반,고발
0,아시아문화원,준정부기관(위탁집행형),문화체육관광부,2020년 05월 21일,해고,직장 내 괴롭힘 행위 등,미고발
0,# 안전성평가연구소,부설기관(한국화학연구원),과학기술정보통신부,2017년 08월 16일,감봉,인사규정 제39조(친절공정의 의무) 위반 ,미고발
1,# 안전성평가연구소,부설기관(한국화학연구원),과학기술정보통신부,2017년 10월 20일,"견책, 경고",인사규정 제38조(직책완수의 의무) 위반 등,미고발
2,# 안전성평가연구소,부설기관(한국화학연구원),과학기술정보통신부,2019년 06월 06일,정직,인사규정 제40조(품위유지의 의무) 위반 ,미고발
3,# 안전성평가연구소,부설기관(한국화학연구원),과학기술정보통신부,2019년 06월 06일,감봉,인사규정 제40조(품위유지의 의무) 위반 ,미고발
0,여수광양항만공사,공기업(준시장형),해양수산부,2016년 09월 30일,해임,임직원 행동강령 위반,미고발
1,여수광양항만공사,공기업(준시장형),해양수산부,2017년 06월 09일,견책,임직원 행동강령 위반,미고발
2,여수광양항만공사,공기업(준시장형),해양수산부,2017년 06월 09일,견책,공사 질서문란,미고발
3,여수광양항만공사,공기업(준시장형),해양수산부,2017년 06월 09일,정직 2개월,임직원 행동강령 위반,미고발
4,여수광양항만공사,공기업(준시장형),해양수산부,2018년 09월 17일,견책,감사인 행동규범 위반,미고발
5,여수광양항만공사,공기업(준시장형),해양수산부,2018년 12월 28일,정직 1개월,자회사 직원 채용 부적정,미고발
6,여수광양항만공사,공기업(준시장형),해양수산부,2019년 03월 04일,견책,자회사 직원 채용 부적정,미고발
0,연구개발특구진흥재단,준정부기관(위탁집행형),과학기술정보통신부,2019년 07월 03일,견책,행동강령 제11조 및 제18조 위반 등,미고발
1,연구개발특구진흥재단,준정부기관(위탁집행형),과학기술정보통신부,2019년 07월 03일,견책,행동강령 제11조 및 제18조 위반 등,미고발
2,연구개발특구진흥재단,준정부기관(위탁집행형),과학기술정보통신부,2019년 07월 03일,견책,행동강령 제11조 및 제18조 위반 등,미고발
3,연구개발특구진흥재단,준정부기관(위탁집행형),과학기술정보통신부,2020년 06월 25일,견책,"윤리강령 제6조, 인사규정 제33조 위반",미고발
0,영상물등급위원회,기타공공기관,문화체육관광부,2019년 08월 26일,정직,내부 규정 위반,미고발
0,영화진흥위원회,기타공공기관,문화체육관광부,2016년 12월 30일,해임,문화부 특별조사 처분요구에 따라 위원회 임시회의에서 해임 결정,미정
1,영화진흥위원회,기타공공기관,문화체육관광부,2018년 03월 06일,감봉 3개월,복무규정 제3조(책임완수) 위반,미고발
2,영화진흥위원회,기타공공기관,문화체육관광부,2018년 03월 06일,견책,복무규정 제3조(책임완수) 위반,미고발
3,영화진흥위원회,기타공공기관,문화체육관광부,2018년 03월 06일,견책,복무규정 제14조(근무시간 및 시간외 근무) 등 위반,미고발
4,영화진흥위원회,기타공공기관,문화체육관광부,2018년 03월 06일,감봉 1개월,임직원 행동강령 제4조(공용재산의 사적 사용 금지) 위반,미고발
5,영화진흥위원회,기타공공기관,문화체육관광부,2018년 03월 06일,견책,복무규정 제14조(근무시간 및 시간외 근무) 등 위반,미고발
6,영화진흥위원회,기타공공기관,문화체육관광부,2018년 04월 12일,해임,복무규정 제3조(책임완수) 위반,미고발
7,영화진흥위원회,기타공공기관,문화체육관광부,2018년 04월 12일,정직 1개월,복무규정 제3조(책임완수) 위반,미고발
8,영화진흥위원회,기타공공기관,문화체육관광부,2018년 04월 12일,정직 1개월,복무규정 제3조(책임완수) 위반,미고발
9,영화진흥위원회,기타공공기관,문화체육관광부,2018년 04월 12일,정직 1개월,복무규정 제3조(책임완수) 위반,미고발
10,영화진흥위원회,기타공공기관,문화체육관광부,2018년 04월 12일,견책,복무규정 제3조(책임완수) 위반,미고발
11,영화진흥위원회,기타공공기관,문화체육관광부,2018년 04월 25일,해임,복무규정 제3조(책임완수) 위반,미고발
12,영화진흥위원회,기타공공기관,문화체육관광부,2018년 04월 25일,감봉 2개월,복무규정 제3조(책임완수) 위반,미고발
13,영화진흥위원회,기타공공기관,문화체육관광부,2018년 07월 26일,감봉 1개월,복무규정 제3조(책임완수) 위반,미고발
14,영화진흥위원회,기타공공기관,문화체육관광부,2018년 12월 27일,정직 2개월,복무규정 제3조(책임완수) 위반,미고발
15,영화진흥위원회,기타공공기관,문화체육관광부,2018년 12월 27일,감봉 2개월,복무규정 제3조(책임완수) 위반,미고발
16,영화진흥위원회,기타공공기관,문화체육관광부,2018년 12월 27일,감봉 2개월,복무규정 제3조(책임완수) 위반,미고발
17,영화진흥위원회,기타공공기관,문화체육관광부,2018년 12월 27일,감봉 1개월,복무규정 제3조(책임완수) 위반,미고발
18,영화진흥위원회,기타공공기관,문화체육관광부,2018년 12월 27일,감봉 1개월,복무규정 제3조(책임완수) 위반,미고발
19,영화진흥위원회,기타공공기관,문화체육관광부,2018년 12월 27일,견책,복무규정 제3조(책임완수) 위반,미고발
20,영화진흥위원회,기타공공기관,문화체육관광부,2018년 12월 27일,견책,복무규정 제3조(책임완수) 위반,미고발
21,영화진흥위원회,기타공공기관,문화체육관광부,2018년 12월 27일,견책,복무규정 제3조(책임완수) 위반,미고발
22,영화진흥위원회,기타공공기관,문화체육관광부,2019년 01월 18일,해임,복무규정 제3조(책임완수) 위반,미고발
23,영화진흥위원회,기타공공기관,문화체육관광부,2019년 01월 18일,감봉 1개월,복무규정 제3조(책임완수) 위반,미고발
0,예금보험공사,준정부기관(기금관리형),금융위원회,2020년 05월 01일,면직,내규 위반,고발
0,예술의전당,기타공공기관,문화체육관광부,2020년 06월 30일,-,-,-
0,오송첨단의료산업진흥재단,기타공공기관,보건복지부,2018년 10월 10일,해임,품위유지의무 위반,미고발
1,오송첨단의료산업진흥재단,기타공공기관,보건복지부,2018년 10월 12일,감봉,품위유지의무 및 성실의무 위반,미고발
2,오송첨단의료산업진흥재단,기타공공기관,보건복지부,2019년 10월 07일,견책,복종의무 및 직장이탈금지 위반,미고발
0,울산과학기술원,기타공공기관,과학기술정보통신부,2016년 12월 01일,정직 6개월,"직책완수의 의무 위반, 직장 이탈금지 의무 위반, 품위유지의 의무 위반",미고발
1,울산과학기술원,기타공공기관,과학기술정보통신부,2016년 12월 01일,견책,"직책완수의 의무 위반, 직장 이탈금지 의무 위반",미고발
2,울산과학기술원,기타공공기관,과학기술정보통신부,2017년 04월 22일,해임,품위유지의 의무 위반,미고발
3,울산과학기술원,기타공공기관,과학기술정보통신부,2017년 04월 26일,강급 3개월,"직책완수의 의무 위반, 친절공정의 의무 위반,품위유지의 의무 위반",미고발
4,울산과학기술원,기타공공기관,과학기술정보통신부,2017년 07월 12일,정직 2개월,직책완수의 의무 위반,미고발
5,울산과학기술원,기타공공기관,과학기술정보통신부,2017년 10월 12일,정직 3개월,직책완수의 의무 위반,고발
6,울산과학기술원,기타공공기관,과학기술정보통신부,2017년 10월 12일,견책,품위유지의 의무 위반,미고발
7,울산과학기술원,기타공공기관,과학기술정보통신부,2018년 02월 05일,견책,품위유지의 의무 위반,미고발
8,울산과학기술원,기타공공기관,과학기술정보통신부,2018년 04월 23일,정직 3개월,직책완수의 의무 위반,미고발
9,울산과학기술원,기타공공기관,과학기술정보통신부,2018년 04월 23일,견책,품위유지의 의무 위반,미고발
10,울산과학기술원,기타공공기관,과학기술정보통신부,2018년 06월 01일,감봉 3개월,품위유지의 의무 위반,미고발
11,울산과학기술원,기타공공기관,과학기술정보통신부,2018년 10월 15일,견책,비밀엄수의 의무 위반,미고발
12,울산과학기술원,기타공공기관,과학기술정보통신부,2018년 10월 26일,견책,직책완수의 의무 위반,미고발
13,울산과학기술원,기타공공기관,과학기술정보통신부,2018년 10월 26일,감봉 3개월,직책완수의 의무 위반,미고발
14,울산과학기술원,기타공공기관,과학기술정보통신부,2018년 10월 26일,감봉 3개월,직책완수의 의무 위반,미고발
15,울산과학기술원,기타공공기관,과학기술정보통신부,2018년 12월 05일,강급 3개월,직책완수의 의무 위반,고발
16,울산과학기술원,기타공공기관,과학기술정보통신부,2018년 12월 05일,해임,"품위유지의 의무 위반, 직책완수의 의무 위반",미고발
17,울산과학기술원,기타공공기관,과학기술정보통신부,2018년 12월 28일,감봉 1개월,직책완수의 의무 위반,미고발
18,울산과학기술원,기타공공기관,과학기술정보통신부,2018년 12월 28일,견책,직책완수의 의무 위반,미고발
19,울산과학기술원,기타공공기관,과학기술정보통신부,2018년 12월 28일,견책,품위유지의 의무 위반,미고발
20,울산과학기술원,기타공공기관,과학기술정보통신부,2019년 02월 11일,견책,직책완수의 의무 위반,미고발
21,울산과학기술원,기타공공기관,과학기술정보통신부,2019년 02월 11일,견책,직책완수의 의무 위반,미고발
22,울산과학기술원,기타공공기관,과학기술정보통신부,2019년 03월 04일,감봉 1개월,직책완수의 의무 위반,미고발
23,울산과학기술원,기타공공기관,과학기술정보통신부,2019년 03월 04일,감봉 1개월,품위유지의 의무 위반,미고발
24,울산과학기술원,기타공공기관,과학기술정보통신부,2019년 05월 01일,견책,직책완수의 의무 위반,미고발
25,울산과학기술원,기타공공기관,과학기술정보통신부,2019년 10월 02일,감봉 1개월,품위유지의 의무 위반,미고발
26,울산과학기술원,기타공공기관,과학기술정보통신부,2019년 12월 02일,감봉 2개월,품위유지의 의무 위반,미고발
27,울산과학기술원,기타공공기관,과학기술정보통신부,2020년 02월 28일,감봉 2개월,직책완수의 의무 위반,미고발
0,울산항만공사,공기업(준시장형),해양수산부,2017년 02월 13일,정직3월,품위유지 의무 위반,미고발
1,울산항만공사,공기업(준시장형),해양수산부,2017년 02월 22일,감봉3월,품위유지 의무 위반,미고발
2,울산항만공사,공기업(준시장형),해양수산부,2017년 04월 10일,견책,"성실의무, 복종의무, 직장이탈금지 위반",고발(무혐의)
3,울산항만공사,공기업(준시장형),해양수산부,2017년 04월 10일,견책,"성실의무, 복종의무, 직장이탈금지 위반",고발(무혐의)
4,울산항만공사,공기업(준시장형),해양수산부,2017년 04월 10일,견책,"성실의무, 복종의무, 직장이탈금지 위반",고발(무혐의)
5,울산항만공사,공기업(준시장형),해양수산부,2017년 04월 10일,견책,"성실의무, 복종의무, 직장이탈금지 위반",고발(무혐의)
6,울산항만공사,공기업(준시장형),해양수산부,2017년 04월 10일,감봉1월,"성실의무, 복종의무, 직장이탈금지 위반",고발(무혐의)
7,울산항만공사,공기업(준시장형),해양수산부,2017년 04월 10일,감봉1월,"성실의무, 복종의무, 직장이탈금지 위반",고발(무혐의)
8,울산항만공사,공기업(준시장형),해양수산부,2017년 04월 10일,감봉2월,"성실의무, 복종의무, 직장이탈금지 위반",고발(무혐의)
9,울산항만공사,공기업(준시장형),해양수산부,2017년 04월 10일,감봉2월,"성실의무, 복종의무, 직장이탈금지 위반",고발(무혐의)
10,울산항만공사,공기업(준시장형),해양수산부,2017년 05월 15일,감봉2월,"성실의무, 복종의무, 직장이탈금지 위반",고발(무혐의)
11,울산항만공사,공기업(준시장형),해양수산부,2017년 05월 15일,정직1월,"성실의무, 복종의무, 직장이탈금지 위반",고발(무혐의)
12,울산항만공사,공기업(준시장형),해양수산부,2017년 05월 15일,정직2월,"성실의무, 복종의무, 직장이탈금지 위반",고발(무혐의)
13,울산항만공사,공기업(준시장형),해양수산부,2017년 07월 20일,감봉1월,품위유지 의무 위반,미고발
14,울산항만공사,공기업(준시장형),해양수산부,2018년 04월 27일,정직1월,"성실의무, 복종의무, 직장이탈금지 위반",고발(무혐의)
15,울산항만공사,공기업(준시장형),해양수산부,2018년 11월 08일,견책,"성실의무, 복종의무, 직장이탈금지 위반",고발(무혐의)
16,울산항만공사,공기업(준시장형),해양수산부,2018년 11월 08일,견책,"성실의무, 복종의무, 직장이탈금지 위반",고발(무혐의)
17,울산항만공사,공기업(준시장형),해양수산부,2018년 11월 08일,견책,"성실의무, 복종의무, 직장이탈금지 위반",고발(무혐의)
18,울산항만공사,공기업(준시장형),해양수산부,2018년 11월 08일,견책,"성실의무, 복종의무, 직장이탈금지 위반",고발(무혐의)
19,울산항만공사,공기업(준시장형),해양수산부,2018년 11월 08일,견책,"성실의무, 복종의무, 직장이탈금지 위반",고발(무혐의)
0,인천국제공항공사,공기업(시장형),국토교통부,2016년 10월 26일,견책,성실의 의무 위반,미고발
1,인천국제공항공사,공기업(시장형),국토교통부,2016년 10월 26일,견책,성실의 의무 위반,미고발
2,인천국제공항공사,공기업(시장형),국토교통부,2017년 01월 24일,견책,성실의 의무 위반,미고발
3,인천국제공항공사,공기업(시장형),국토교통부,2017년 03월 27일,견책,성실의 의무 위반,미고발
4,인천국제공항공사,공기업(시장형),국토교통부,2017년 07월 03일,견책,성실의 의무 위반,미고발
5,인천국제공항공사,공기업(시장형),국토교통부,2017년 07월 03일,견책,성실의 의무 위반,미고발
6,인천국제공항공사,공기업(시장형),국토교통부,2018년 01월 30일,감봉,성실의 의무 위반,미고발
7,인천국제공항공사,공기업(시장형),국토교통부,2019년 07월 23일,감봉,품위유지의 의무 위반,미고발
8,인천국제공항공사,공기업(시장형),국토교통부,2019년 09월 20일,감봉,성실의 의무 위반 외,미고발
9,인천국제공항공사,공기업(시장형),국토교통부,2019년 11월 15일,정직,성실의 의무 위반 외,미고발
0,인천항만공사,공기업(시장형),해양수산부,2017년 04월 07일,정직(1월),임직원 윤리강령 위반,미고발
1,인천항만공사,공기업(시장형),해양수산부,2017년 04월 07일,정직(1월),임직원 윤리강령 위반,미고발
2,인천항만공사,공기업(시장형),해양수산부,2019년 04월 18일,견책,임직원 윤리강령 위반,미고발
3,인천항만공사,공기업(시장형),해양수산부,2019년 06월 20일,견책,보안관리 업무 태만,미고발
0,재단법인 국악방송,기타공공기관,문화체육관광부,2017년 01월 26일,견책,관리 감독 소홀,미고발
1,재단법인 국악방송,기타공공기관,문화체육관광부,2017년 01월 26일,불문경고,담당 업무 소홀,미고발
2,재단법인 국악방송,기타공공기관,문화체육관광부,2017년 12월 13일,불문경고,관리 감독 소홀,미고발
3,재단법인 국악방송,기타공공기관,문화체육관광부,2018년 03월 15일,감봉,복무위반,미고발
4,재단법인 국악방송,기타공공기관,문화체육관광부,2018년 12월 14일,감봉,허위보고,미고발
5,재단법인 국악방송,기타공공기관,문화체육관광부,2018년 12월 14일,견책,허위보고,미고발
6,재단법인 국악방송,기타공공기관,문화체육관광부,2019년 10월 29일,감봉,품위 유지 위반,미고발
7,재단법인 국악방송,기타공공기관,문화체육관광부,2019년 11월 11일,견책,직무 태만,미고발
8,재단법인 국악방송,기타공공기관,문화체육관광부,2019년 12월 01일,감봉,품위 유지 위반,미고발
0,재단법인 대한건설기계안전관리원,준정부기관(위탁집행형),국토교통부,2018년 02월 06일,견책,채용실태 점검결과 징계처분요구,미고발
1,재단법인 대한건설기계안전관리원,준정부기관(위탁집행형),국토교통부,2019년 04월 12일,감봉3월,채용실태 점검결과 징계처분요구,미고발
2,재단법인 대한건설기계안전관리원,준정부기관(위탁집행형),국토교통부,2019년 04월 12일,견책,채용실태 점검결과 징계처분요구,미고발
0,재단법인 장애인기업종합지원센터,기타공공기관,중소벤처기업부,2019년 11월 25일,견책,근무지 이탈,미고발
1,재단법인 장애인기업종합지원센터,기타공공기관,중소벤처기업부,2019년 11월 25일,견책,근무지 이탈,미고발
2,재단법인 장애인기업종합지원센터,기타공공기관,중소벤처기업부,2019년 11월 25일,견책,근무지 이탈,미고발
3,재단법인 장애인기업종합지원센터,기타공공기관,중소벤처기업부,2019년 11월 25일,견책,근무지 이탈,미고발
4,재단법인 장애인기업종합지원센터,기타공공기관,중소벤처기업부,2020년 04월 08일,정직,고용관계신뢰위반 등,미고발
5,재단법인 장애인기업종합지원센터,기타공공기관,중소벤처기업부,2020년 06월 15일,감봉,정보보안 위반 등,미고발
6,재단법인 장애인기업종합지원센터,기타공공기관,중소벤처기업부,2020년 06월 15일,감봉,정보보안 위반 등,미고발
7,재단법인 장애인기업종합지원센터,기타공공기관,중소벤처기업부,2020년 06월 15일,감봉,정보보안 위반 등,미고발
8,재단법인 장애인기업종합지원센터,기타공공기관,중소벤처기업부,2020년 06월 15일,감봉,정보보안 위반 등,미고발
9,재단법인 장애인기업종합지원센터,기타공공기관,중소벤처기업부,2020년 06월 15일,감봉,정보보안 위반 등,미고발
0,재단법인 한국공공조직은행,기타공공기관,보건복지부,2017년 12월 20일,정직3월,복종의 의무 위반,미고발
1,재단법인 한국공공조직은행,기타공공기관,보건복지부,2018년 08월 06일,감봉1월,감사원 감사결과 처분 요구,미고발
2,재단법인 한국공공조직은행,기타공공기관,보건복지부,2018년 08월 06일,견책,감사원 감사결과 처분 요구,미고발
3,재단법인 한국공공조직은행,기타공공기관,보건복지부,2018년 10월 29일,파면,보건복지부 특별감사 결과 처분요구,미고발
4,재단법인 한국공공조직은행,기타공공기관,보건복지부,2018년 10월 29일,정직3월,보건복지부 특별감사 결과 처분 요구,미고발
5,재단법인 한국공공조직은행,기타공공기관,보건복지부,2018년 12월 31일,정직1월,성희롱,미고발
6,재단법인 한국공공조직은행,기타공공기관,보건복지부,2019년 08월 14일,감봉3월(최종),보건복지부 특별감사 결과 처분 요구,미고발
7,재단법인 한국공공조직은행,기타공공기관,보건복지부,2019년 08월 14일,감봉1월,표준작업지침서 준수 위반 등,미고발
8,재단법인 한국공공조직은행,기타공공기관,보건복지부,2019년 08월 14일,견책,조직은행 허가갱신 지연,미고발
0,재단법인 한국에너지재단,기타공공기관,산업통상자원부,2017년 10월 30일,견책,계약절차 미준수,미고발
1,재단법인 한국에너지재단,기타공공기관,산업통상자원부,2017년 10월 30일,견책,계약절차 미준수,미고발
2,재단법인 한국에너지재단,기타공공기관,산업통상자원부,2017년 10월 30일,견책,계약절차 미준수,미고발
3,재단법인 한국에너지재단,기타공공기관,산업통상자원부,2019년 05월 02일,견책,에너지효율개선사업 관리시스템 모니터링 및 현장점검 업무 소홀에 따른 대금 부당지급,미고발
4,재단법인 한국에너지재단,기타공공기관,산업통상자원부,2019년 05월 02일,견책,에너지효율개선사업 관리시스템 모니터링 및 현장점검 업무 소홀에 따른 대금 부당지급,미고발
0,재단법인 한국자활복지개발원,기타공공기관,보건복지부,2020년 06월 11일,견책,윤리헌장 제19조(안전 및 위험예방) 등 위반,미고발
0,재단법인 한국장기조직기증원,기타공공기관,보건복지부,2018년 02월 08일,해임,"직무상 의무 위반, 직무태만",미고발
1,재단법인 한국장기조직기증원,기타공공기관,보건복지부,2018년 02월 08일,견책,기타 비위행위,미고발
2,재단법인 한국장기조직기증원,기타공공기관,보건복지부,2019년 03월 20일,견책,기타 비위행위,미고발
3,재단법인 한국장기조직기증원,기타공공기관,보건복지부,2019년 03월 20일,견책,기타 비위행위,미고발
0,# 재료연구소,부설기관(한국기계연구원),과학기술정보통신부,2020년 06월 30일,-,해당사항 없음,-
0,재외동포재단,기타공공기관,외교부,2018년 04월 27일,파면,재단의 명예와 위신 손상,미고발
1,재외동포재단,기타공공기관,외교부,2018년 04월 27일,파면,재단의 명예와 위신 손상,미고발
2,재외동포재단,기타공공기관,외교부,2019년 03월 21일,해임,임직원 행동강령 및 국외여비 규정 위반,미고발
3,재외동포재단,기타공공기관,외교부,2019년 03월 21일,정직,임직원 행동강령 및 국외여비 규정 위반,미고발
4,재외동포재단,기타공공기관,외교부,2019년 03월 21일,정직,임직원 행동강령 및 국외여비 규정 위반,미고발
5,재외동포재단,기타공공기관,외교부,2019년 03월 21일,정직,임직원 행동강령 및 국외여비 규정 위반,미고발
6,재외동포재단,기타공공기관,외교부,2019년 03월 21일,정직,임직원 행동강령 및 국외여비 규정 위반,미고발
0,전남대학교병원,기타공공기관,교육부,2016년 12월 01일,견책,인사규정 제61조 제5호,미해당
1,전남대학교병원,기타공공기관,교육부,2016년 12월 19일,정직(3월),법률 위반,미해당
2,전남대학교병원,기타공공기관,교육부,2017년 03월 20일,감봉(3월),"인사규정 제61조 제2호,6호",미해당
3,전남대학교병원,기타공공기관,교육부,2017년 09월 25일,파면,전공의 수련 및 복무관리규정 제6조 제2호 및 제22조,미해당
4,전남대학교병원,기타공공기관,교육부,2018년 05월 03일,감봉(1월),성실의무 위반(인사규정 제61조 제6호),미해당
5,전남대학교병원,기타공공기관,교육부,2018년 07월 27일,견책,인사규정 제61조 제1호,미해당
6,전남대학교병원,기타공공기관,교육부,2018년 11월 13일,견책,인사규정 제61조 제1호,미해당
7,전남대학교병원,기타공공기관,교육부,2018년 11월 13일,견책,인사규정 제61조 제1호,미해당
8,전남대학교병원,기타공공기관,교육부,2018년 11월 13일,해임,인사규정 제61조 제1호,해당
9,전남대학교병원,기타공공기관,교육부,2019년 03월 13일,감봉(1월),인사규정 제61조 제1호,미해당
10,전남대학교병원,기타공공기관,교육부,2019년 03월 22일,감봉(2월),인사규정 제61조 제4호,미해당
11,전남대학교병원,기타공공기관,교육부,2019년 03월 27일,감봉(2월),인사규정 제61조 제6호,미해당
12,전남대학교병원,기타공공기관,교육부,2019년 04월 11일,파면,인사규정 제61조 제1호,해당
13,전남대학교병원,기타공공기관,교육부,2019년 04월 24일,감봉(2월),전공의수련및복무관리규정 제22조,미해당
14,전남대학교병원,기타공공기관,교육부,2019년 06월 18일,정직(3월),인사규정 제61조 제1호,미해당
15,전남대학교병원,기타공공기관,교육부,2019년 07월 01일,감봉(3월),인사규정 제61조 제1호,미해당
16,전남대학교병원,기타공공기관,교육부,2019년 12월 11일,감봉(1월),인사규정 제61조 제2호 위반,미해당
17,전남대학교병원,기타공공기관,교육부,2020년 03월 18일,견책,인사규정 제61조 제4호,미해당
18,전남대학교병원,기타공공기관,교육부,2020년 03월 30일,감봉(3월),직장이탈 금지 의무 위반,미해당
19,전남대학교병원,기타공공기관,교육부,2020년 04월 01일,정직(1월),인사규정 제61조 제1호,미해당
20,전남대학교병원,기타공공기관,교육부,2020년 04월 01일,견책,인사규정 제61조 제1호,미해당
0,전략물자관리원,기타공공기관,산업통상자원부,2017년 07월 07일,견책,성실의무 위반,미고발
0,전북대학교병원,기타공공기관,교육부,2017년 03월 29일,감봉1월,성실의무 및 품위유지의 의무 위반,미고발
1,전북대학교병원,기타공공기관,교육부,2017년 07월 12일,견책,법령 및 제규정 위반(무단이탈),미고발
2,전북대학교병원,기타공공기관,교육부,2017년 07월 12일,견책,법령 및 제규정 위반(저년차 전공의에게 금품갈취),미고발
3,전북대학교병원,기타공공기관,교육부,2017년 07월 18일,정직1월,법령 및 제규정 위반(저년차 전공의에게 폭언 및 병원 명예훼손),미고발
4,전북대학교병원,기타공공기관,교육부,2017년 08월 01일,감봉1월,"법령 및 제규정 위반, 복무질서 문란, 근무태도 불량",미고발
5,전북대학교병원,기타공공기관,교육부,2017년 08월 01일,정직3월,단시간근로자운용규정 제10조(준수의무) 및 제13조(금지사항) 위반,미고발
6,전북대학교병원,기타공공기관,교육부,2017년 08월 01일,정직3월,단시간근로자운용규정 제10조(준수의무) 및 제13조(금지사항) 위반,미고발
7,전북대학교병원,기타공공기관,교육부,2017년 10월 24일,정직3월,"법령 및 제규정 위반, 복무질서 문란, 근무태도 불량",미고발
8,전북대학교병원,기타공공기관,교육부,2017년 12월 13일,감봉3월,성실의무 및 품위유지의 의무 위반,미고발
9,전북대학교병원,기타공공기관,교육부,2018년 11월 01일,견책,관리감돌 소홀,미고발
10,전북대학교병원,기타공공기관,교육부,2018년 11월 01일,감봉3월,"법령 및 제규정 위반, 고의 또는 중과실로 병원의 재산상 손해 발생",미고발
11,전북대학교병원,기타공공기관,교육부,2019년 01월 11일,견책,"법령 및 제규정 위반, 병원의 명예와 위신 손상",고발
12,전북대학교병원,기타공공기관,교육부,2019년 01월 11일,감봉3월,"법령 및 제규정 위반, 병원의 명예와 위신 손상",고발
13,전북대학교병원,기타공공기관,교육부,2019년 01월 11일,정직3월,"법령 및 제규정 위반, 병원의 명예와 위신 손상",고발
14,전북대학교병원,기타공공기관,교육부,2019년 04월 10일,감봉3월,"법령 및 제규정 위반, 병원의 명예와 위신 손상",미고발
15,전북대학교병원,기타공공기관,교육부,2019년 07월 15일,정직2월,"법령 및 제규정 위반, 복무질서 문란, 근무태도 불량",미고발
16,전북대학교병원,기타공공기관,교육부,2019년 07월 15일,견책,"법령 및 제규정 위반, 복무질서 문란, 근무태도 불량",미고발
17,전북대학교병원,기타공공기관,교육부,2019년 07월 15일,감봉1월,"법령 및 제규정 위반, 복무질서 문란, 근무태도 불량",미고발
18,전북대학교병원,기타공공기관,교육부,2019년 09월 18일,감봉1월,"법령 및 제규정 위반, 병원의 명예와 위신 손상",미고발
19,전북대학교병원,기타공공기관,교육부,2019년 12월 01일,정직1월,법령 및 제규정 위반(동년차 전공의에게 폭언 및 병원 명예훼손),미고발
20,전북대학교병원,기타공공기관,교육부,2020년 01월 01일,정직1월,전주지방검찰청에 형사사건으로 기소되어 2심판결에서 500만원 벌금형을선고받음.,미고발
0,전쟁기념사업회,기타공공기관,국방부,2020년 02월 12일,파면,"법률 및 성실의무, 임직원 행동강령 내규 위반",고발
1,전쟁기념사업회,기타공공기관,국방부,2020년 02월 12일,파면, 성실의무 및 임직원 행동강령 내규 위반,고발
2,전쟁기념사업회,기타공공기관,국방부,2020년 03월 13일,견책,성실의무 위반 및 감독자에 대한 징계,미고발
3,전쟁기념사업회,기타공공기관,국방부,2020년 03월 13일,견책,성실의무 위반 및 감독자에 대한 징계,미고발
4,전쟁기념사업회,기타공공기관,국방부,2020년 03월 13일,견책,성실의무 위반,미고발
0,# 정보통신기획평가원,부설기관(한국연구재단),과학기술정보통신부,2020년 07월 02일,-,-,-
0,정보통신산업진흥원,준정부기관(위탁집행형),과학기술정보통신부,2016년 11월 11일,파면,직무관련자로부터 금품수수,미고발
1,정보통신산업진흥원,준정부기관(위탁집행형),과학기술정보통신부,2016년 11월 11일,파면,직무관련자로부터 금품수수,미고발
2,정보통신산업진흥원,준정부기관(위탁집행형),과학기술정보통신부,2017년 07월 28일,파면,인사규정 품위유지 의무 위반,미고발
3,정보통신산업진흥원,준정부기관(위탁집행형),과학기술정보통신부,2018년 06월 21일,견책,외부강의 등의 사례금 수수제한 및 신고방법 위반,미고발
4,정보통신산업진흥원,준정부기관(위탁집행형),과학기술정보통신부,2018년 07월 13일,견책,국가계약 공정경쟁 원칙 위반 및 회계질서 훼손,미고발
5,정보통신산업진흥원,준정부기관(위탁집행형),과학기술정보통신부,2019년 07월 26일,감봉(3개월),손해배상청구소송 등 후속조치 지연,미고발
6,정보통신산업진흥원,준정부기관(위탁집행형),과학기술정보통신부,2019년 07월 26일,견책,손해배상청구소송 등 후속조치 지연,미고발
0,정보통신정책연구원,기타공공기관,국무조정실,2017년 06월 13일,정직(2개월),"관련법령, 제규정과 직무상 의무 위반 및 명예 손상",미고발
1,정보통신정책연구원,기타공공기관,국무조정실,2019년 09월 11일,파면,계약서 위반 및 제규정 미준수,미고발
0,정부법무공단,기타공공기관,법무부,2018년 02월 21일,견책,1. 정관 또는 제규정에 의한 의무 위반2. 직무상의 의무 위반하거나 직무태만,미고발
1,정부법무공단,기타공공기관,법무부,2018년 02월 21일,견책,1. 정관 또는 제규정에 의한 의무 위반2. 직무상의 의무 위반하거나 직무태만,미고발
2,정부법무공단,기타공공기관,법무부,2018년 09월 10일,견책, 정관 또는 제규정에 의한 의무 위반,미고발
0,제주국제자유도시개발센터,공기업(준시장형),국토교통부,2018년 06월 05일,감봉,"성실의무위반, 직장이탈금지 위반",미고발
1,제주국제자유도시개발센터,공기업(준시장형),국토교통부,2018년 07월 18일,파면,직무관련 금품수수,"
고발
"
2,제주국제자유도시개발센터,공기업(준시장형),국토교통부,2018년 10월 01일,견책,성실의무위반,미고발
3,제주국제자유도시개발센터,공기업(준시장형),국토교통부,2018년 10월 01일,정직,임직원 행동강령 위반,미고발
4,제주국제자유도시개발센터,공기업(준시장형),국토교통부,2018년 12월 28일,파면,"성실의무위반, 친절공정의무 위반",미고발
5,제주국제자유도시개발센터,공기업(준시장형),국토교통부,2019년 03월 18일,견책,성실의무 위반,미고발
6,제주국제자유도시개발센터,공기업(준시장형),국토교통부,2019년 05월 07일,견책,품위유지의 의무 위반,미고발
0,제주대학교병원,기타공공기관,교육부,2017년 02월 28일,감봉,성실의무(직무태만),미고발
1,제주대학교병원,기타공공기관,교육부,2017년 02월 28일,감봉,성실의무(직무태만),미고발
2,제주대학교병원,기타공공기관,교육부,2017년 02월 28일,견책,품위유지위반,미고발
3,제주대학교병원,기타공공기관,교육부,2017년 08월 16일,감봉,복무규정위반,미고발
4,제주대학교병원,기타공공기관,교육부,2018년 01월 09일,파면,법인카드 부정사용 및 회계질서 문란,고발
5,제주대학교병원,기타공공기관,교육부,2018년 10월 01일,정직,청렴의무위반,미고발
6,제주대학교병원,기타공공기관,교육부,2018년 11월 06일,감봉,품위유지위반,미고발
7,제주대학교병원,기타공공기관,교육부,2019년 02월 20일,정직,제주대학교 징계,미고발
8,제주대학교병원,기타공공기관,교육부,2019년 03월 22일,견책,교육부 채용 전수조사 행정상 조치 처분,미고발
0,주식회사 에스알,공기업(준시장형),국토교통부,2016년 11월 17일,정직,법인카드 부적정 사용,미고발
1,주식회사 에스알,공기업(준시장형),국토교통부,2017년 02월 13일,견책,품위손상,미고발
2,주식회사 에스알,공기업(준시장형),국토교통부,2017년 06월 08일,정직,보관금 유용,미고발
3,주식회사 에스알,공기업(준시장형),국토교통부,2017년 06월 08일,견책,업무처리 부적정,미고발
4,주식회사 에스알,공기업(준시장형),국토교통부,2017년 06월 08일,견책,업무처리 부적정,미고발
5,주식회사 에스알,공기업(준시장형),국토교통부,2017년 10월 24일,견책,품위손상,미고발
6,주식회사 에스알,공기업(준시장형),국토교통부,2017년 11월 21일,견책,SRT출입문 미취급,미고발
7,주식회사 에스알,공기업(준시장형),국토교통부,2018년 02월 14일,감봉,업무처리 부적정,미고발
8,주식회사 에스알,공기업(준시장형),국토교통부,2018년 02월 14일,감봉,업무처리 부적정,미고발
9,주식회사 에스알,공기업(준시장형),국토교통부,2018년 02월 14일,감봉,업무처리 부적정,미고발
10,주식회사 에스알,공기업(준시장형),국토교통부,2018년 02월 14일,견책,업무처리 부적정,미고발
11,주식회사 에스알,공기업(준시장형),국토교통부,2018년 02월 14일,정직,업무처리 부적정,미고발
12,주식회사 에스알,공기업(준시장형),국토교통부,2018년 04월 09일,감봉,업무처리 소흘,미고발
13,주식회사 에스알,공기업(준시장형),국토교통부,2018년 08월 30일,정직,품위 손상,미고발
14,주식회사 에스알,공기업(준시장형),국토교통부,2018년 09월 17일,해임,채용비리,미고발
15,주식회사 에스알,공기업(준시장형),국토교통부,2018년 10월 01일,해임,"채용비리, 금품수수",미고발
16,주식회사 에스알,공기업(준시장형),국토교통부,2018년 11월 16일,감봉,해치파손에 따른 업무처리 부적정,미고발
17,주식회사 에스알,공기업(준시장형),국토교통부,2018년 12월 15일,해임,채용비리 부적정,미고발
18,주식회사 에스알,공기업(준시장형),국토교통부,2018년 12월 15일,해임,채용비리 부적정,미고발
19,주식회사 에스알,공기업(준시장형),국토교통부,2018년 12월 15일,해임,채용비리 부적정,미고발
20,주식회사 에스알,공기업(준시장형),국토교통부,2018년 12월 15일,해임,채용비리 부적정,미고발
21,주식회사 에스알,공기업(준시장형),국토교통부,2019년 03월 25일,견책,"교육관리, 교육비 집행 등 업무관리 미흡",미고발
22,주식회사 에스알,공기업(준시장형),국토교통부,2019년 03월 25일,견책,"교육관리, 교육비 집행 등 업무관리 미흡",미고발
23,주식회사 에스알,공기업(준시장형),국토교통부,2019년 06월 15일,정직,품위손상,미고발
24,주식회사 에스알,공기업(준시장형),국토교통부,2019년 08월 19일,해임,채용업무방해 및 공정성 저해,미고발
25,주식회사 에스알,공기업(준시장형),국토교통부,2019년 08월 19일,해임,채용업무방해 및 공정성 저해,미고발
26,주식회사 에스알,공기업(준시장형),국토교통부,2019년 08월 19일,해임,채용업무방해 및 공정성 저해,미고발
27,주식회사 에스알,공기업(준시장형),국토교통부,2019년 08월 19일,정직,업무처리 부적정,미고발
28,주식회사 에스알,공기업(준시장형),국토교통부,2020년 02월 10일,견책,업무처리 부적정,미고발
29,주식회사 에스알,공기업(준시장형),국토교통부,2020년 06월 29일,견책,업무관리 소흘,미고발
30,주식회사 에스알,공기업(준시장형),국토교통부,2020년 06월 29일,해임,업무처리 부적정,미고발
0,주택관리공단(주),기타공공기관,국토교통부,2016년 10월 17일,정직,금품 및 향응수수,미고발
1,주택관리공단(주),기타공공기관,국토교통부,2016년 11월 23일,정직,복무기강 문란,미고발
2,주택관리공단(주),기타공공기관,국토교통부,2016년 12월 01일,감봉,복무기강 문란,미고발
3,주택관리공단(주),기타공공기관,국토교통부,2016년 12월 01일,감봉,복무기강 문란,미고발
4,주택관리공단(주),기타공공기관,국토교통부,2017년 01월 01일,강등,복무기강 문란,미고발
5,주택관리공단(주),기타공공기관,국토교통부,2017년 01월 01일,정직,복무기강 문란,미고발
6,주택관리공단(주),기타공공기관,국토교통부,2017년 01월 01일,감봉,복무기강 문란,미고발
7,주택관리공단(주),기타공공기관,국토교통부,2017년 05월 29일,견책,입주자 관리등 임대업무 및 잡수입금 운영업무관리감독 태만,미고발
8,주택관리공단(주),기타공공기관,국토교통부,2017년 05월 29일,견책,입주자 관리등 임대업무 및 잡수입금 운영업무관리감독 태만,미고발
9,주택관리공단(주),기타공공기관,국토교통부,2017년 06월 13일,견책,임대보증금 공탁업무처리 부적정 등,미고발
10,주택관리공단(주),기타공공기관,국토교통부,2017년 07월 05일,정직,임대보증금 공탁업무처리 부적정 및 민원대응소활 등,미고발
11,주택관리공단(주),기타공공기관,국토교통부,2017년 08월 29일,견책,비윤리적 행위,미고발
12,주택관리공단(주),기타공공기관,국토교통부,2017년 09월 01일,감봉,언어폭펵에 의한 인격모독 등,미고발
13,주택관리공단(주),기타공공기관,국토교통부,2017년 09월 14일,정직,복무기강 문란 및 비윤리적 행위 등,미고발
14,주택관리공단(주),기타공공기관,국토교통부,2017년 09월 28일,견책,"상,하위 직급, 직채간의 위계질서 문란 행위",미고발
15,주택관리공단(주),기타공공기관,국토교통부,2017년 09월 28일,견책,직무상 의무 위반 및 업무 태반. 무관심,미고발
16,주택관리공단(주),기타공공기관,국토교통부,2017년 11월 06일,감봉,준수의무 및 품위유지 위반,미고발
17,주택관리공단(주),기타공공기관,국토교통부,2017년 11월 06일,감봉,준위의무 및 품위유지 위반,미고발
18,주택관리공단(주),기타공공기관,국토교통부,2018년 04월 02일,정직,고의적인 위계질서 및 경영질서 위반,미고발
19,주택관리공단(주),기타공공기관,국토교통부,2018년 04월 25일,견책,복무규정 위반,미고발
20,주택관리공단(주),기타공공기관,국토교통부,2018년 05월 18일,견책,준수의무 위반,미고발
21,주택관리공단(주),기타공공기관,국토교통부,2019년 03월 13일,견책,준수의무 위반,미고발
22,주택관리공단(주),기타공공기관,국토교통부,2019년 03월 13일,견책,준수의무 위반,미고발
23,주택관리공단(주),기타공공기관,국토교통부,2019년 03월 13일,견책,준수의무 위반,미고발
24,주택관리공단(주),기타공공기관,국토교통부,2019년 03월 13일,견책,준수의무 위반,미고발
25,주택관리공단(주),기타공공기관,국토교통부,2019년 05월 02일,견책,준수의무 위반,미고발
26,주택관리공단(주),기타공공기관,국토교통부,2019년 05월 02일,견책,준수의무 위반,미고발
27,주택관리공단(주),기타공공기관,국토교통부,2019년 10월 29일,정직,복무규정 위반,미고발
28,주택관리공단(주),기타공공기관,국토교통부,2019년 11월 20일,정직,복무규정 위반,미고발
29,주택관리공단(주),기타공공기관,국토교통부,2019년 11월 20일,감봉,준수의무 위반,미고발
30,주택관리공단(주),기타공공기관,국토교통부,2019년 11월 20일,감봉,준수의무 위반,미고발
31,주택관리공단(주),기타공공기관,국토교통부,2019년 11월 20일,감봉,준수의무 위반,미고발
32,주택관리공단(주),기타공공기관,국토교통부,2020년 02월 19일,감봉,준수의무 위반,미고발
33,주택관리공단(주),기타공공기관,국토교통부,2020년 03월 18일,강등,임직원 윤리 행동강령 위반,미고발
0,주택도시보증공사,공기업(준시장형),국토교통부,2017년 08월 21일,계고,취업규칙 위반,미고발
1,주택도시보증공사,공기업(준시장형),국토교통부,2018년 10월 19일,면직,취업규칙/임직원행동강령 위반,미고발
0,중소기업기술정보진흥원,준정부기관(위탁집행형),중소벤처기업부,2018년 10월 11일,"
견책
","
형사처분(정보통신망법 위반)에 따른 징계의결
","
미고발
"
0,중소기업유통센터,기타공공기관,중소벤처기업부,2017년 01월 24일,감봉 1개월,업무과실,미고발
1,중소기업유통센터,기타공공기관,중소벤처기업부,2017년 01월 24일,근신 3개월,업무과실,미고발
2,중소기업유통센터,기타공공기관,중소벤처기업부,2017년 04월 26일,견책,제규정 위반,미고발
3,중소기업유통센터,기타공공기관,중소벤처기업부,2017년 04월 26일,견책,제규정 위반,미고발
4,중소기업유통센터,기타공공기관,중소벤처기업부,2017년 11월 08일,근신 3개월,제규정 위반,미고발
5,중소기업유통센터,기타공공기관,중소벤처기업부,2019년 10월 11일,견책,업무처리 미흡,미고발
6,중소기업유통센터,기타공공기관,중소벤처기업부,2019년 10월 11일,견책,업무처리 미흡,미고발
7,중소기업유통센터,기타공공기관,중소벤처기업부,2020년 05월 26일,견책,업무처리 미흡,미고발
8,중소기업유통센터,기타공공기관,중소벤처기업부,2020년 05월 26일,감봉3개월,제규정 위반,미고발
0,중소기업은행,기타공공기관,금융위원회,2020년 04월 29일,견책,외환업무 불철저,미고발
1,중소기업은행,기타공공기관,금융위원회,2020년 04월 29일,견책,외환업무 불철저,미고발
2,중소기업은행,기타공공기관,금융위원회,2020년 04월 29일,견책,외환업무 불철저,미고발
3,중소기업은행,기타공공기관,금융위원회,2020년 04월 29일,면직,취업규칙 위반(행동강령 포함),고발
4,중소기업은행,기타공공기관,금융위원회,2020년 06월 11일,정직6월,취업규칙 위반(행동강령 포함),고발
5,중소기업은행,기타공공기관,금융위원회,2020년 06월 11일,감봉1월,취업규칙 위반(행동강령 포함),미고발
6,중소기업은행,기타공공기관,금융위원회,2020년 06월 11일,감봉3월,취업규칙 위반(행동강령 포함),미고발
0,중소벤처기업진흥공단,준정부기관(기금관리형),중소벤처기업부,2019년 03월 21일,견책,직무 태만,미고발
1,중소벤처기업진흥공단,준정부기관(기금관리형),중소벤처기업부,2019년 02월 13일,감봉 2개월,"회사의 명예 손상 행위,  직무상의 의무 위반",미고발
2,중소벤처기업진흥공단,준정부기관(기금관리형),중소벤처기업부,2018년 02월 21일,면직,금품 등 수수금지 위반,미고발
3,중소벤처기업진흥공단,준정부기관(기금관리형),중소벤처기업부,2018년 01월 23일,견책,직무상의 의무 위반,미고발
4,중소벤처기업진흥공단,준정부기관(기금관리형),중소벤처기업부,2017년 04월 17일,면직,"부정한 행위, 직무상의 의무 위반, 회사의 명예손상 행위, 회사에 중대한 손해를 끼친 행위",미고발
5,중소벤처기업진흥공단,준정부기관(기금관리형),중소벤처기업부,2017년 03월 16일,면직,금품 등 수수금지 위반,미고발
0,창업진흥원,준정부기관(위탁집행형),중소벤처기업부,2019년 03월 15일,견책,"성실의 의무 위반, 신고인의 신분비밀 보장의무 위반",미고발
0,축산물품질평가원,준정부기관(위탁집행형),농림축산식품부,2018년 01월 05일,해임,복무규정 제8조(품위유지의무) 위반(성추행),미고발
1,축산물품질평가원,준정부기관(위탁집행형),농림축산식품부,2018년 06월 20일,견책,복무규정 제4조(성실의무) 위반,미고발
2,축산물품질평가원,준정부기관(위탁집행형),농림축산식품부,2018년 06월 20일,견책,복무규정 제4조(성실의무) 위반,미고발
0,충남대학교병원,기타공공기관,교육부,2017년 04월 01일,감봉,성실의무 및 복종의 의무 위반,미고발
1,충남대학교병원,기타공공기관,교육부,2017년 10월 01일,감봉,성실의무 및 품위유지의 의무 위반,미고발
2,충남대학교병원,기타공공기관,교육부,2018년 04월 16일,감봉,성실의무위반 및 재산상 손해,미고발
3,충남대학교병원,기타공공기관,교육부,2018년 11월 01일,감봉,성실의무위반,미고발
4,충남대학교병원,기타공공기관,교육부,2019년 05월 28일,견책,성실의무 위반,미고발
5,충남대학교병원,기타공공기관,교육부,2019년 08월 23일,견책,"성실의무, 품위유지의무 위반",미고발
6,충남대학교병원,기타공공기관,교육부,2019년 12월 23일,정직,"성실의무, 품위유지의무 위반",미고발
7,충남대학교병원,기타공공기관,교육부,2020년 01월 29일,견책,"성실의무, 공용재산의 사적 사용수익금지 위반",미고발
8,충남대학교병원,기타공공기관,교육부,2020년 01월 29일,견책,"성실의무, 공용재산의 사적 사용수익금지 위반",미고발
9,충남대학교병원,기타공공기관,교육부,2020년 01월 29일,정직,"성실의무, 공용재산의 사적 사용수익금지 위반",미고발
10,충남대학교병원,기타공공기관,교육부,2020년 01월 29일,정직,"성실의무, 공용재산의 사적 사용수익금지 위반",미고발
0,충북대학교병원,기타공공기관,교육부,2020년 06월 03일,견책,직장 내 괴롭힘,미고발
1,충북대학교병원,기타공공기관,교육부,2020년 06월 03일,견책,직장 내 괴롭힘,미고발
0,코레일관광개발(주),기타공공기관,국토교통부,2017년 01월 11일,해고,무단결근에 의한 근무태만,미고발
1,코레일관광개발(주),기타공공기관,국토교통부,2017년 05월 01일,감급,업무처리절차 위반에 의한 근무태만,미고발
2,코레일관광개발(주),기타공공기관,국토교통부,2017년 06월 23일,불문경고,업무처리절차 위반에 의한 근무태만,미고발
3,코레일관광개발(주),기타공공기관,국토교통부,2017년 08월 29일,해고,무단결근에 의한 근무태만,미고발
4,코레일관광개발(주),기타공공기관,국토교통부,2018년 02월 12일,정직,업무절차 위반에 의한 근무태만,미고발
5,코레일관광개발(주),기타공공기관,국토교통부,2018년 02월 12일,정직,업무규정 미준수에 의한 근무태만,미고발
6,코레일관광개발(주),기타공공기관,국토교통부,2018년 03월 13일,불문경고,업무절차 누락에 의한 근무태만,미고발
7,코레일관광개발(주),기타공공기관,국토교통부,2018년 03월 13일,불문경고,업무절차 누락에 의한 근무태만,미고발
8,코레일관광개발(주),기타공공기관,국토교통부,2018년 04월 09일,견책,업무절차 위반에 의한 근무태만,미고발
9,코레일관광개발(주),기타공공기관,국토교통부,2018년 04월 25일,감급,업무규정 미준수에 의한 근무태만,미고발
10,코레일관광개발(주),기타공공기관,국토교통부,2018년 05월 14일,정직,업무규정 미준수에 의한 근무태만,미고발
11,코레일관광개발(주),기타공공기관,국토교통부,2018년 05월 14일,정직,업무규정 미준수에 의한 근무태만,미고발
12,코레일관광개발(주),기타공공기관,국토교통부,2018년 06월 20일,정직,업무규정 미준수에 의한 근무태만,미고발
13,코레일관광개발(주),기타공공기관,국토교통부,2018년 06월 20일,정직,업무규정 미준수에 의한 근무태만,미고발
14,코레일관광개발(주),기타공공기관,국토교통부,2018년 07월 05일,감급,업무규정 미준수에 의한 근무태만,미고발
15,코레일관광개발(주),기타공공기관,국토교통부,2018년 07월 10일,견책,업무규정 위반 및 업무태만,미고발
16,코레일관광개발(주),기타공공기관,국토교통부,2018년 09월 06일,정직,업무규정 위반 및 업무태만,미고발
17,코레일관광개발(주),기타공공기관,국토교통부,2018년 11월 22일,감급,업무규정 미준수에 의한 근무태만,미고발
18,코레일관광개발(주),기타공공기관,국토교통부,2018년 12월 28일,감급,질서유지의무 위반,미고발
19,코레일관광개발(주),기타공공기관,국토교통부,2019년 02월 14일,견책,업무규정 미준수에 의한 근무소홀,미고발
20,코레일관광개발(주),기타공공기관,국토교통부,2019년 03월 15일,정직,업무규정 위반,미고발
21,코레일관광개발(주),기타공공기관,국토교통부,2019년 03월 28일,정직,질서유지의무 위반,미고발
22,코레일관광개발(주),기타공공기관,국토교통부,2019년 03월 28일,정직,질서유지의무 위반,미고발
23,코레일관광개발(주),기타공공기관,국토교통부,2019년 07월 18일,감급,업무지시 불이행,미고발
24,코레일관광개발(주),기타공공기관,국토교통부,2019년 08월 06일,감급,근무태만 및 사규위반,미고발
25,코레일관광개발(주),기타공공기관,국토교통부,2019년 08월 19일,해고,질서유지의무 위반,미고발
26,코레일관광개발(주),기타공공기관,국토교통부,2019년 12월 02일,정직,업무태만 및 사규위반,미고발
0,코레일네트웍스(주),기타공공기관,국토교통부,2020년 05월 07일,감봉(1월),소속직원에 대한 관리감독 의무 소홀,미고발
1,코레일네트웍스(주),기타공공기관,국토교통부,2020년 05월 07일,해고,취업규칙 위반,미고발
2,코레일네트웍스(주),기타공공기관,국토교통부,2020년 05월 22일,정직(1월),취업규칙 위반,미고발
3,코레일네트웍스(주),기타공공기관,국토교통부,2020년 06월 26일,정직(15일),일반직(경력)채용 서류전형 부적정,미고발
0,코레일로지스(주),기타공공기관,국토교통부,2020년 05월 20일,견책,성실의무 위반,미고발
0,코레일유통(주),기타공공기관,국토교통부,2020년 03월 03일,견책,임직원행동강령 등 위반,미고발
1,코레일유통(주),기타공공기관,국토교통부,2020년 03월 04일,정직,임직원행동강령 등 위반,미고발
0,코레일테크(주),기타공공기관,국토교통부,2020년 04월 16일,해임,품위유지의무위반 및 질서문란행위 등,부
1,코레일테크(주),기타공공기관,국토교통부,2020년 04월 24일,정직,사법기관 처분 및 질서문란행위,부
2,코레일테크(주),기타공공기관,국토교통부,2020년 04월 24일,감봉,사법기관 처분 및 질서문란행위,부
3,코레일테크(주),기타공공기관,국토교통부,2020년 05월 21일,감봉,품위유지 위반,부
4,코레일테크(주),기타공공기관,국토교통부,2020년 05월 29일,정직,품위유지 위반,부
5,코레일테크(주),기타공공기관,국토교통부,2020년 05월 29일,정직,품위유지 위반,부
6,코레일테크(주),기타공공기관,국토교통부,2020년 05월 29일,정직,품위유지 위반,부
7,코레일테크(주),기타공공기관,국토교통부,2020년 05월 29일,정직,품위유지 위반,부
8,코레일테크(주),기타공공기관,국토교통부,2020년 05월 29일,감봉,성실의무 위반,부
9,코레일테크(주),기타공공기관,국토교통부,2020년 05월 29일,정직,성실의무 위반,부
10,코레일테크(주),기타공공기관,국토교통부,2020년 05월 29일,정직,친절공정의무 위반,부
11,코레일테크(주),기타공공기관,국토교통부,2020년 06월 24일,정직,품위유지위반 및 질서문란행위,부
12,코레일테크(주),기타공공기관,국토교통부,2020년 06월 24일,정직,성실의무 위반 및 품위유지 위반,부
0,태권도진흥재단,기타공공기관,문화체육관광부,2020년 06월 15일,견책,"관련법령, 제규정, 계약사항 위반",미고발
1,태권도진흥재단,기타공공기관,문화체육관광부,2020년 06월 15일,견책,"관련법령, 제규정, 계약사항 위반",미고발
2,태권도진흥재단,기타공공기관,문화체육관광부,2020년 06월 15일,견책,"관련법령, 제규정, 계약사항 위반",미고발
0,통일연구원,기타공공기관,국무조정실,2017년 09월 27일,감봉,인사관리규정 및 복무규정 위반,미고발
1,통일연구원,기타공공기관,국무조정실,2017년 09월 27일,감봉,인사관리규정 및 복무규정 위반,미고발
2,통일연구원,기타공공기관,국무조정실,2017년 09월 27일,견책,인사관리규정 위반,미고발
3,통일연구원,기타공공기관,국무조정실,2018년 11월 20일,견책,"복무규정, 직원대외규칙 외 위반",미고발
0,# 특허정보진흥센터,부설기관(한국특허정보원),특허청,2020년 05월 25일,견책,채용,미고발
0,학교법인한국폴리텍,기타공공기관,고용노동부,2020년 04월 08일,"
견책
","
성실 및 품위유지 의무 위배
","
미고발
"
1,학교법인한국폴리텍,기타공공기관,고용노동부,2020년 05월 01일,"
감봉2월
","
품위유지 의무 위배
","
미고발
"
2,학교법인한국폴리텍,기타공공기관,고용노동부,2020년 05월 19일,"
해임
","
친절공정 및 품위유지 의무 위배
","
미고발
"
3,학교법인한국폴리텍,기타공공기관,고용노동부,2020년 05월 27일,"
해임
","
품위유지 의무 위배
","
미고발
"
0,한국가스공사,공기업(시장형),산업통상자원부,2019년 11월 29일,정직1월,품위유지의무 위반,미고발
1,한국가스공사,공기업(시장형),산업통상자원부,2019년 12월 12일,견책,성실의무 위반,미고발
0,한국가스안전공사,준정부기관(위탁집행형),산업통상자원부,2020년 04월 08일,견책,"직무상의 의무(성실의무,품위유지의무) 위반",미고발
1,한국가스안전공사,준정부기관(위탁집행형),산업통상자원부,2020년 06월 25일,견책,직무상의 의무(성실의무) 위반,미고발
0,한국감정원,공기업(준시장형),국토교통부,2020년 04월 22일,견책,직원 복무규정 등 위반,미고발
0,한국개발연구원,기타공공기관,국무조정실,2019년 11월 29일,견책,미승인 겸직 수행,미고발
1,한국개발연구원,기타공공기관,국무조정실,2020년 04월 23일,견책,채용 관리 부적정,미고발
0,한국건강가정진흥원,준정부기관(위탁집행형),여성가족부,2016년 12월 28일,견책,법인등기 미이행,미고발
1,한국건강가정진흥원,준정부기관(위탁집행형),여성가족부,2019년 03월 07일,정직,임직원 행동강령 위반,미고발
2,한국건강가정진흥원,준정부기관(위탁집행형),여성가족부,2019년 08월 19일,정직,임직원 행동강령 위반,미고발
3,한국건강가정진흥원,준정부기관(위탁집행형),여성가족부,2020년 01월 01일,정직,임직원 행동강령 위반,미고발
4,한국건강가정진흥원,준정부기관(위탁집행형),여성가족부,2020년 03월 01일,정직,임직원 행동강령 위반,미고발
0,한국건강증진개발원,준정부기관(위탁집행형),보건복지부,2020년 05월 27일,견책,직원 의무 위반,미고발
0,한국건설기술연구원,기타공공기관,과학기술정보통신부,2020년 05월 04일,정직 5개월,품위유지의 의무 위반,미고발
0,한국고용정보원,준정부기관(위탁집행형),고용노동부,2020년 06월 30일,-,-,-
0,한국고전번역원,기타공공기관,교육부,2017년 02월 09일,"
감봉
",직무태만,"
미고발
"
1,한국고전번역원,기타공공기관,교육부,2017년 06월 14일,"
견책
",직무태만,"
미고발
"
2,한국고전번역원,기타공공기관,교육부,2017년 10월 23일,"
감봉
",직무태만,"
미고발
"
3,한국고전번역원,기타공공기관,교육부,2017년 10월 23일,"
견책
",직무태만,"
미고발
"
4,한국고전번역원,기타공공기관,교육부,2017년 11월 09일,"
감봉
",직무태만,"
미고발
"
5,한국고전번역원,기타공공기관,교육부,2018년 10월 22일,"
견책
","
직무태만
","
미고발
"
6,한국고전번역원,기타공공기관,교육부,2019년 01월 21일,"
견책
","
직무태만
","
미고발
"
7,한국고전번역원,기타공공기관,교육부,2019년 04월 22일,"
견책
","
직무태만
","
미고발
"
8,한국고전번역원,기타공공기관,교육부,2019년 05월 09일,"
견책
","
직무태만
","
미고발
"
9,한국고전번역원,기타공공기관,교육부,2019년 05월 09일,"
견책
","
직무태만
","
미고발
"
10,한국고전번역원,기타공공기관,교육부,2019년 05월 09일,"
견책
","
직무태만
","
미고발
"
0,한국공예디자인문화진흥원,기타공공기관,문화체육관광부,2017년 01월 05일,정직,"복무불성실, 허위보고",미고발
1,한국공예디자인문화진흥원,기타공공기관,문화체육관광부,2017년 03월 14일,감봉,관리감독 해태,미고발
2,한국공예디자인문화진흥원,기타공공기관,문화체육관광부,2017년 03월 14일,정직,복무불성실,미고발
3,한국공예디자인문화진흥원,기타공공기관,문화체육관광부,2017년 03월 14일,견책,복무불성실,미고발
4,한국공예디자인문화진흥원,기타공공기관,문화체육관광부,2018년 06월 11일,감봉,인사업무 관련 업무태만,미고발
5,한국공예디자인문화진흥원,기타공공기관,문화체육관광부,2019년 11월 30일,해임,"직무상 의무위반, 직무태만, 기관품위손상",미고발
6,한국공예디자인문화진흥원,기타공공기관,문화체육관광부,2020년 06월 04일,감봉,회계규정 및 취업규칙 위반,미고발
0,한국공정거래조정원,기타공공기관,공정거래위원회,2017년 11월 02일,견책,예산집행절차 및 규정위반,미고발
1,한국공정거래조정원,기타공공기관,공정거래위원회,2018년 04월 23일,견책,임직원 행동강령 등 규정 위반,미고발
2,한국공정거래조정원,기타공공기관,공정거래위원회,2020년 04월 20일,해임,취업규정 및 임직원 행동강령 등 규정위반,미고발
0,한국공항공사,공기업(시장형),국토교통부,2020년 05월 19일,감봉,품위유지의무 위반,미고발
0,한국과학기술기획평가원,기타공공기관,과학기술정보통신부,2017년 06월 30일,강등,품위유지의 의무 위반(성추행),미고발
1,한국과학기술기획평가원,기타공공기관,과학기술정보통신부,2017년 11월 21일,해임,품위유지의 의무 위반(성추행),미고발
2,한국과학기술기획평가원,기타공공기관,과학기술정보통신부,2019년 12월 25일,해임,직장 이탈 금지 위반(무단결근),미고발
3,한국과학기술기획평가원,기타공공기관,과학기술정보통신부,2019년 12월 25일,정직,품위유지의 의무 위반(직장 내 괴롭힘 금지),미고발
4,한국과학기술기획평가원,기타공공기관,과학기술정보통신부,2020년 02월 10일,정직,성실의무 위반(저작권 침해),미고발
0,한국과학기술연구원,기타공공기관,과학기술정보통신부,2017년 03월 02일,견책,담당업무 소홀,-
1,한국과학기술연구원,기타공공기관,과학기술정보통신부,2017년 03월 02일,견책,관리부서장으로서 관리소홀,-
2,한국과학기술연구원,기타공공기관,과학기술정보통신부,2018년 02월 12일,해임,사문서 위조,o
3,한국과학기술연구원,기타공공기관,과학기술정보통신부,2018년 02월 12일,정직,폭행 등 품위유지 의무 위반,-
4,한국과학기술연구원,기타공공기관,과학기술정보통신부,2018년 02월 12일,견책,폭언 등 품위유지 의무 위반,-
5,한국과학기술연구원,기타공공기관,과학기술정보통신부,2018년 03월 13일,견책,인력채용 관리 부적정,-
6,한국과학기술연구원,기타공공기관,과학기술정보통신부,2018년 04월 16일,해임,품위유지 의무 위반,-
7,한국과학기술연구원,기타공공기관,과학기술정보통신부,2018년 08월 30일,견책,이해관계 직무의 회피 및 이권개입 금지 의무 위반,-
8,한국과학기술연구원,기타공공기관,과학기술정보통신부,2018년 12월 06일,견책,부실학회 참석,-
9,한국과학기술연구원,기타공공기관,과학기술정보통신부,2019년 04월 01일,견책,관리의무 소홀,-
10,한국과학기술연구원,기타공공기관,과학기술정보통신부,2019년 04월 01일,정직,건설공사 관리 부적절,-
11,한국과학기술연구원,기타공공기관,과학기술정보통신부,2019년 07월 16일,감봉,물품구매요령 위반 및 직무 태만,o
12,한국과학기술연구원,기타공공기관,과학기술정보통신부,2019년 08월 01일,견책,외국인 연수생 인건비 부당지출,-
13,한국과학기술연구원,기타공공기관,과학기술정보통신부,2020년 01월 01일,견책,책임완수의 의무 위반,-
14,한국과학기술연구원,기타공공기관,과학기술정보통신부,2020년 04월 28일,감봉,연구장비 무단반출 및 특혜제공,-
15,한국과학기술연구원,기타공공기관,과학기술정보통신부,2020년 04월 29일,정직,"타업행위, 연구비 부정집행 등",-
0,한국과학기술원,기타공공기관,과학기술정보통신부,2016년 11월 12일,정직 2월,업무수행 부적절,-
1,한국과학기술원,기타공공기관,과학기술정보통신부,2017년 01월 12일,감봉 3월,계약 부적정 업무상 과실 등,고발
2,한국과학기술원,기타공공기관,과학기술정보통신부,2017년 03월 22일,당연면직,업무상 횡령/사문서 위조/위조사문서 행사,-
3,한국과학기술원,기타공공기관,과학기술정보통신부,2017년 10월 12일,강급 6월,"향응수수(고발, 혐의없음 처분)",고발
4,한국과학기술원,기타공공기관,과학기술정보통신부,2017년 11월 02일,견책,업무수행 부적절,-
5,한국과학기술원,기타공공기관,과학기술정보통신부,2017년 11월 02일,견책,업무수행 부적절,-
6,한국과학기술원,기타공공기관,과학기술정보통신부,2017년 12월 15일,강급 6월,연구인건비 부당사용/폭행 및 품위유지의무 위반 등,고발
7,한국과학기술원,기타공공기관,과학기술정보통신부,2018년 01월 07일,감봉 1월,출장비 집행 부적절,-
8,한국과학기술원,기타공공기관,과학기술정보통신부,2018년 12월 08일,견책,성희롱, -
9,한국과학기술원,기타공공기관,과학기술정보통신부,2019년 01월 26일,견책,직장이탈금지 복무규정 위반,-
10,한국과학기술원,기타공공기관,과학기술정보통신부,2019년 02월 27일,견책,도로교통법위반,-
11,한국과학기술원,기타공공기관,과학기술정보통신부,2019년 02월 27일,견책,품위유지의무 위반,-
12,한국과학기술원,기타공공기관,과학기술정보통신부,2019년 02월 27일,견책,직장이탈금지 복무규정 위반,-
13,한국과학기술원,기타공공기관,과학기술정보통신부,2019년 03월 11일,정직 1월,직장이탈금지 복무규정 위반,-
14,한국과학기술원,기타공공기관,과학기술정보통신부,2019년 03월 11일,정직 1월,직장이탈금지 복무규정 위반,-
15,한국과학기술원,기타공공기관,과학기술정보통신부,2019년 03월 14일,견책,직장이탈금지 복무규정 위반,-
16,한국과학기술원,기타공공기관,과학기술정보통신부,2019년 03월 19일,정직 1월,직장이탈금지 복무규정 위반,-
17,한국과학기술원,기타공공기관,과학기술정보통신부,2019년 04월 09일,감봉,품위유지의무 위반,-
18,한국과학기술원,기타공공기관,과학기술정보통신부,2019년 10월 21일,강급,성희롱,-
19,한국과학기술원,기타공공기관,과학기술정보통신부,2019년 11월 19일,견책,직장이탈금지 복무규정 위반,-
20,한국과학기술원,기타공공기관,과학기술정보통신부,2020년 02월 03일,감봉 1월,공금횡령 및 예산집행 부적정,-
21,한국과학기술원,기타공공기관,과학기술정보통신부,2020년 02월 15일,감봉 2월,공금횡령 및 예산집행 부적정,-
22,한국과학기술원,기타공공기관,과학기술정보통신부,2020년 03월 25일,감봉 3월,공금횡령 및 예산집행 부적정,-
0,한국과학기술정보연구원,기타공공기관,과학기술정보통신부,2019년 12월 30일,견책,책임완수의 의무 위반,미고발
1,한국과학기술정보연구원,기타공공기관,과학기술정보통신부,2019년 12월 30일,견책,책임완수의 의무 위반,미고발
2,한국과학기술정보연구원,기타공공기관,과학기술정보통신부,2019년 07월 08일,견책,책임완수의 의무 위반,고발
3,한국과학기술정보연구원,기타공공기관,과학기술정보통신부,2019년 07월 08일,견책,책임완수의 의무 위반,고발
4,한국과학기술정보연구원,기타공공기관,과학기술정보통신부,2019년 07월 08일,견책,책임완수의 의무 위반,고발
5,한국과학기술정보연구원,기타공공기관,과학기술정보통신부,2018년 12월 14일,견책,책임완수의 의무 위반,미고발
6,한국과학기술정보연구원,기타공공기관,과학기술정보통신부,2018년 09월 17일,견책,책임완수의 의무 위반,미고발
7,한국과학기술정보연구원,기타공공기관,과학기술정보통신부,2018년 09월 17일,정직1개월,책임완수의 의무 위반,미고발
8,한국과학기술정보연구원,기타공공기관,과학기술정보통신부,2018년 07월 24일,견책,책임완수의 의무 위반,미고발
9,한국과학기술정보연구원,기타공공기관,과학기술정보통신부,2018년 07월 24일,견책,책임완수의 의무 위반,미고발
10,한국과학기술정보연구원,기타공공기관,과학기술정보통신부,2018년 05월 14일,견책,친절공정의 의무 위반,미고발
11,한국과학기술정보연구원,기타공공기관,과학기술정보통신부,2017년 06월 26일,정직6개월,금품 및 향응수수,고발
12,한국과학기술정보연구원,기타공공기관,과학기술정보통신부,2017년 03월 14일,견책,책임완수의 의무 위반,미고발
13,한국과학기술정보연구원,기타공공기관,과학기술정보통신부,2017년 03월 14일,견책,책임완수의 의무 위반,미고발
14,한국과학기술정보연구원,기타공공기관,과학기술정보통신부,2017년 03월 14일,견책,책임완수의 의무 위반,미고발
15,한국과학기술정보연구원,기타공공기관,과학기술정보통신부,2017년 03월 14일,견책,책임완수의 의무 위반,미고발
16,한국과학기술정보연구원,기타공공기관,과학기술정보통신부,2016년 11월 07일,해임,품위유지의 의무 등 위반,미고발
0,# 한국과학영재학교,부설기관(한국과학기술원),과학기술정보통신부,2018년 02월 22일,견책,채용전형 관리부실 및 평가 불공정,미고발
1,# 한국과학영재학교,부설기관(한국과학기술원),과학기술정보통신부,2018년 02월 22일,견책,채용전형 관리부실 및 평가 불공정,미고발
2,# 한국과학영재학교,부설기관(한국과학기술원),과학기술정보통신부,2019년 11월 12일,감봉,발전기금 과실금 집행 부적정,미고발
3,# 한국과학영재학교,부설기관(한국과학기술원),과학기술정보통신부,2019년 11월 12일,감봉,연구비 집행 부적정,미고발
